[1790522547] Log start
[1790522547] Cmd: "D:\DEAD FIRE\Documents\FILES\llama.cpp-256707309faf9238c9f7e81ba197d93b91b65b86\build\bin\llama-cli.exe" -m "D:\DEAD FIRE\Documents\FILES\llama.cpp-256707309faf9238c9f7e81ba197d93b91b65b86\models\qwen2-0_5b-instruct-q4_k_m.gguf" -c 2048 -n 128 --no-display-prompt -p "<|im_start|>system


You are Lily, a personal AI assistant.

Your personality:

- friendly
- curious
- helpful
- patient
- encouraging


Speaking style:

- tone: warm and natural
- answers: clear and easy to understand
- humor: light playful humor
- emojis: True


Rules:

- Be helpful before being clever
- Explain things simply
- Do not pretend to know things you don't know
- Remember important user information
- Treat the user respectfully

IMPORTANT RESPONSE STYLE:
The user prefers simple explanations.

When answering:
- Use simple English.
- Use short sentences.
- Explain one idea at a time.
- Avoid unnecessary technical words.
- If you use a difficult word, explain it.
- Keep the answer reasonably short.

IMPORTANT RESPONSE STYLE:
The user prefers simple explanations.

When answering:
- Use simple English.
- Use short sentences.
- Explain one idea at a time.
- Avoid unnecessary technical words.
- If you use a difficult word, explain it.
- Keep the answer reasonably short.

Learned information about the user: I like programming.

<|im_end|>

    RESPONSE MODE: SIMPLE

    Answer the user in simple everyday English.

    Rules:
    - Explain the main idea first.
    - Use short and clear sentences.
    - Explain one idea at a time.
    - Do not assume the user already knows the subject.
    
    DIFFICULTY: BEGINNER

    The user is a beginner.

    Rules:
    - Start from the basics.
    - Do not assume prior knowledge.
    - Use familiar real-world examples.
    - If a technical word is necessary, explain it immediately.
    
    ANSWER LENGTH: SHORT

    Keep the answer concise.

    Rules:
    - Focus only on the most important information.
    - Avoid unnecessary background information.
    - Prefer a few clear paragraphs instead of a long lecture.
    
    TECHNICAL TERMS: LOW

    Avoid unnecessary technical terminology.

    If an important technical word must be used:
    1. Say the word.
    2. Immediately explain what it means in simple language.
    3. Continue using simple language afterward.
    

    IMPORTANT:

    - Answer the user's actual question.
    - Do not talk about these instructions.
    - Do not mention response modes or response plans.
    - Do not repeat the user's question unnecessarily.
    - Do not invent facts.
    - If you are unsure about something, say so.
    <|im_start|>user
lock my computer
<|im_end|>
<|im_start|>assistant
"
[1790522547] main: build = 0 (unknown)
[1790522547] main: built with  for x86_64-w64-mingw32
[1790522547] main: seed  = 1790522547
[1790522547] main: llama backend init
[1790522547] main: load the model and apply lora adapter, if any
[1790522548] llama_model_loader: loaded meta data with 26 key-value pairs and 290 tensors from D:\DEAD FIRE\Documents\FILES\llama.cpp-256707309faf9238c9f7e81ba197d93b91b65b86\models\qwen2-0_5b-instruct-q4_k_m.gguf (version GGUF V3 (latest))
[1790522548] llama_model_loader: Dumping metadata keys/values. Note: KV overrides do not apply in this output.
[1790522548] llama_model_loader: - kv   0:                       general.architecture str              = qwen2
[1790522548] llama_model_loader: - kv   1:                               general.name str              = qwen2-0_5b-instruct
[1790522548] llama_model_loader: - kv   2:                          qwen2.block_count u32              = 24
[1790522548] llama_model_loader: - kv   3:                       qwen2.context_length u32              = 32768
[1790522548] llama_model_loader: - kv   4:                     qwen2.embedding_length u32              = 896
[1790522548] llama_model_loader: - kv   5:                  qwen2.feed_forward_length u32              = 4864
[1790522548] llama_model_loader: - kv   6:                 qwen2.attention.head_count u32              = 14
[1790522548] llama_model_loader: - kv   7:              qwen2.attention.head_count_kv u32              = 2
[1790522548] llama_model_loader: - kv   8:                       qwen2.rope.freq_base f32              = 1000000.000000
[1790522548] llama_model_loader: - kv   9:     qwen2.attention.layer_norm_rms_epsilon f32              = 0.000001
[1790522548] llama_model_loader: - kv  10:                          general.file_type u32              = 15
[1790522548] llama_model_loader: - kv  11:                       tokenizer.ggml.model str              = gpt2
[1790522548] llama_model_loader: - kv  12:                         tokenizer.ggml.pre str              = qwen2
[1790522548] llama_model_loader: - kv  13:                      tokenizer.ggml.tokens arr[str,151936]  = ["!", "\"", "#", "$", "%", "&", "'", ...
[1790522548] llama_model_loader: - kv  14:                  tokenizer.ggml.token_type arr[i32,151936]  = [1, 1, 1, 1, 1, 1, 1, 1, 1, 1, 1, 1, ...
[1790522548] llama_model_loader: - kv  15:                      tokenizer.ggml.merges arr[str,151387]  = ["Ġ Ġ", "ĠĠ ĠĠ", "i n", "Ġ t",...
[1790522548] llama_model_loader: - kv  16:                tokenizer.ggml.eos_token_id u32              = 151645
[1790522548] llama_model_loader: - kv  17:            tokenizer.ggml.padding_token_id u32              = 151643
[1790522548] llama_model_loader: - kv  18:                tokenizer.ggml.bos_token_id u32              = 151643
[1790522548] llama_model_loader: - kv  19:                    tokenizer.chat_template str              = {% for message in messages %}{% if lo...
[1790522548] llama_model_loader: - kv  20:               tokenizer.ggml.add_bos_token bool             = false
[1790522548] llama_model_loader: - kv  21:               general.quantization_version u32              = 2
[1790522548] llama_model_loader: - kv  22:                      quantize.imatrix.file str              = ../Qwen2/gguf/qwen2-0_5b-imatrix/imat...
[1790522548] llama_model_loader: - kv  23:                   quantize.imatrix.dataset str              = ../sft_2406.txt
[1790522548] llama_model_loader: - kv  24:             quantize.imatrix.entries_count i32              = 168
[1790522548] llama_model_loader: - kv  25:              quantize.imatrix.chunks_count i32              = 1937
[1790522548] llama_model_loader: - type  f32:  121 tensors
[1790522548] llama_model_loader: - type q5_0:  132 tensors
[1790522548] llama_model_loader: - type q8_0:   13 tensors
[1790522548] llama_model_loader: - type q4_K:   12 tensors
[1790522548] llama_model_loader: - type q6_K:   12 tensors
[1790522548] llm_load_vocab: special tokens cache size = 293
[1790522548] llm_load_vocab: token to piece cache size = 0.9338 MB
[1790522548] llm_load_print_meta: format           = GGUF V3 (latest)
[1790522548] llm_load_print_meta: arch             = qwen2
[1790522548] llm_load_print_meta: vocab type       = BPE
[1790522548] llm_load_print_meta: n_vocab          = 151936
[1790522548] llm_load_print_meta: n_merges         = 151387
[1790522548] llm_load_print_meta: vocab_only       = 0
[1790522548] llm_load_print_meta: n_ctx_train      = 32768
[1790522548] llm_load_print_meta: n_embd           = 896
[1790522548] llm_load_print_meta: n_layer          = 24
[1790522548] llm_load_print_meta: n_head           = 14
[1790522548] llm_load_print_meta: n_head_kv        = 2
[1790522548] llm_load_print_meta: n_rot            = 64
[1790522548] llm_load_print_meta: n_swa            = 0
[1790522548] llm_load_print_meta: n_embd_head_k    = 64
[1790522548] llm_load_print_meta: n_embd_head_v    = 64
[1790522548] llm_load_print_meta: n_gqa            = 7
[1790522548] llm_load_print_meta: n_embd_k_gqa     = 128
[1790522548] llm_load_print_meta: n_embd_v_gqa     = 128
[1790522548] llm_load_print_meta: f_norm_eps       = 0.0e+00
[1790522548] llm_load_print_meta: f_norm_rms_eps   = 1.0e-06
[1790522548] llm_load_print_meta: f_clamp_kqv      = 0.0e+00
[1790522548] llm_load_print_meta: f_max_alibi_bias = 0.0e+00
[1790522548] llm_load_print_meta: f_logit_scale    = 0.0e+00
[1790522548] llm_load_print_meta: n_ff             = 4864
[1790522548] llm_load_print_meta: n_expert         = 0
[1790522548] llm_load_print_meta: n_expert_used    = 0
[1790522548] llm_load_print_meta: causal attn      = 1
[1790522548] llm_load_print_meta: pooling type     = 0
[1790522548] llm_load_print_meta: rope type        = 2
[1790522548] llm_load_print_meta: rope scaling     = linear
[1790522548] llm_load_print_meta: freq_base_train  = 1000000.0
[1790522548] llm_load_print_meta: freq_scale_train = 1
[1790522548] llm_load_print_meta: n_ctx_orig_yarn  = 32768
[1790522548] llm_load_print_meta: rope_finetuned   = unknown
[1790522548] llm_load_print_meta: ssm_d_conv       = 0
[1790522548] llm_load_print_meta: ssm_d_inner      = 0
[1790522548] llm_load_print_meta: ssm_d_state      = 0
[1790522548] llm_load_print_meta: ssm_dt_rank      = 0
[1790522548] llm_load_print_meta: model type       = 1B
[1790522548] llm_load_print_meta: model ftype      = Q4_K - Medium
[1790522548] llm_load_print_meta: model params     = 494.03 M
[1790522548] llm_load_print_meta: model size       = 373.71 MiB (6.35 BPW) 
[1790522548] llm_load_print_meta: general.name     = qwen2-0_5b-instruct
[1790522548] llm_load_print_meta: BOS token        = 151643 '<|endoftext|>'
[1790522548] llm_load_print_meta: EOS token        = 151645 '<|im_end|>'
[1790522548] llm_load_print_meta: PAD token        = 151643 '<|endoftext|>'
[1790522548] llm_load_print_meta: LF token         = 148848 'ÄĬ'
[1790522548] llm_load_print_meta: EOT token        = 151645 '<|im_end|>'
[1790522548] llm_load_print_meta: max token length = 256
[1790522548] llm_load_tensors: ggml ctx size =    0.13 MiB
[1790522548] llm_load_tensors:        CPU buffer size =   373.71 MiB
[1790522548] .[1790522548] .[1790522548] .[1790522548] .[1790522548] .[1790522548] .[1790522548] .[1790522548] .[1790522548] .[1790522548] .[1790522548] .[1790522548] .[1790522548] .[1790522548] .[1790522548] .[1790522548] .[1790522548] .[1790522548] .[1790522548] .[1790522548] .[1790522548] .[1790522548] .[1790522548] .[1790522548] .[1790522548] .[1790522548] .[1790522548] .[1790522548] .[1790522548] .[1790522548] .[1790522548] .[1790522548] .[1790522548] .[1790522548] .[1790522548] .[1790522548] .[1790522548] .[1790522548] .[1790522548] .[1790522548] .[1790522548] .[1790522548] .[1790522548] .[1790522548] .[1790522548] .[1790522548] .[1790522548] .[1790522548] .[1790522548] .[1790522548] 
[1790522548] llama_new_context_with_model: n_ctx      = 2048
[1790522548] llama_new_context_with_model: n_batch    = 2048
[1790522548] llama_new_context_with_model: n_ubatch   = 512
[1790522548] llama_new_context_with_model: flash_attn = 0
[1790522548] llama_new_context_with_model: freq_base  = 1000000.0
[1790522548] llama_new_context_with_model: freq_scale = 1
[1790522548] llama_kv_cache_init:        CPU KV buffer size =    24.00 MiB
[1790522548] llama_new_context_with_model: KV self size  =   24.00 MiB, K (f16):   12.00 MiB, V (f16):   12.00 MiB
[1790522548] llama_new_context_with_model:        CPU  output buffer size =     0.58 MiB
[1790522548] llama_new_context_with_model:        CPU compute buffer size =   298.50 MiB
[1790522548] llama_new_context_with_model: graph nodes  = 846
[1790522548] llama_new_context_with_model: graph splits = 1
[1790522548] warming up the model with an empty run
[1790522556] n_ctx: 2048
[1790522556] 
[1790522556] system_info: n_threads = 4 / 4 | AVX = 1 | AVX_VNNI = 0 | AVX2 = 1 | AVX512 = 0 | AVX512_VBMI = 0 | AVX512_VNNI = 0 | AVX512_BF16 = 0 | FMA = 1 | NEON = 0 | SVE = 0 | ARM_FMA = 0 | F16C = 1 | FP16_VA = 0 | WASM_SIMD = 0 | BLAS = 0 | SSE3 = 1 | SSSE3 = 1 | VSX = 0 | MATMUL_INT8 = 0 | LLAMAFILE = 1 | 
[1790522556] add_bos: 0
[1790522556] tokenize the prompt
[1790522556] prompt: "<|im_start|>system


You are Lily, a personal AI assistant.

Your personality:

- friendly
- curious
- helpful
- patient
- encouraging


Speaking style:

- tone: warm and natural
- answers: clear and easy to understand
- humor: light playful humor
- emojis: True


Rules:

- Be helpful before being clever
- Explain things simply
- Do not pretend to know things you don't know
- Remember important user information
- Treat the user respectfully

IMPORTANT RESPONSE STYLE:
The user prefers simple explanations.

When answering:
- Use simple English.
- Use short sentences.
- Explain one idea at a time.
- Avoid unnecessary technical words.
- If you use a difficult word, explain it.
- Keep the answer reasonably short.

IMPORTANT RESPONSE STYLE:
The user prefers simple explanations.

When answering:
- Use simple English.
- Use short sentences.
- Explain one idea at a time.
- Avoid unnecessary technical words.
- If you use a difficult word, explain it.
- Keep the answer reasonably short.

Learned information about the user: I like programming.

<|im_end|>

    RESPONSE MODE: SIMPLE

    Answer the user in simple everyday English.

    Rules:
    - Explain the main idea first.
    - Use short and clear sentences.
    - Explain one idea at a time.
    - Do not assume the user already knows the subject.
    
    DIFFICULTY: BEGINNER

    The user is a beginner.

    Rules:
    - Start from the basics.
    - Do not assume prior knowledge.
    - Use familiar real-world examples.
    - If a technical word is necessary, explain it immediately.
    
    ANSWER LENGTH: SHORT

    Keep the answer concise.

    Rules:
    - Focus only on the most important information.
    - Avoid unnecessary background information.
    - Prefer a few clear paragraphs instead of a long lecture.
    
    TECHNICAL TERMS: LOW

    Avoid unnecessary technical terminology.

    If an important technical word must be used:
    1. Say the word.
    2. Immediately explain what it means in simple language.
    3. Continue using simple language afterward.
    

    IMPORTANT:

    - Answer the user's actual question.
    - Do not talk about these instructions.
    - Do not mention response modes or response plans.
    - Do not repeat the user's question unnecessarily.
    - Do not invent facts.
    - If you are unsure about something, say so.
    <|im_start|>user
lock my computer
<|im_end|>
<|im_start|>assistant
"
[1790522556] tokens: [ '<|im_start|>':151644, 'system':8948, '':1406, 'You':2610, ' are':525, ' Lily':47290, ',':11, ' a':264, ' personal':4345, ' AI':15235, ' assistant':17847, '.':382, 'Your':7771, ' personality':17294, ':':1447, '-':12, ' friendly':11657, '':198, '-':12, ' curious':22208, '':198, '-':12, ' helpful':10950, '':198, '-':12, ' patient':8720, '':198, '-':12, ' encouraging':25836, '':1406, 'Speaking':32017, ' style':1707, ':':1447, '-':12, ' tone':16232, ':':25, ' warm':8205, ' and':323, ' natural':5810, '':198, '-':12, ' answers':11253, ':':25, ' clear':2797, ' and':323, ' easy':4135, ' to':311, ' understand':3535, '':198, '-':12, ' humor':27385, ':':25, ' light':3100, ' playful':56069, ' humor':27385, '':198, '-':12, ' emojis':99066, ':':25, ' True':3007, '':1406, 'Rules':26008, ':':1447, '-':12, ' Be':2823, ' helpful':10950, ' before':1573, ' being':1660, ' clever':27699, '':198, '-':12, ' Explain':81917, ' things':2513, ' simply':4936, '':198, '-':12, ' Do':3155, ' not':537, ' pretend':34740, ' to':311, ' know':1414, ' things':2513, ' you':498, ' don':1513, ''t':944, ' know':1414, '':198, '-':12, ' Remember':19881, ' important':2989, ' user':1196, ' information':1995, '':198, '-':12, ' Treat':18877, ' the':279, ' user':1196, ' respectfully':92345, '':271, 'IMPORTANT':98743, ' RESPONSE':76173, ' STYLE':62947, ':':510, 'The':785, ' user':1196, ' prefers':53964, ' simple':4285, ' explanations':40841, '.':382, 'When':4498, ' answering':35764, ':':510, '-':12, ' Use':5443, ' simple':4285, ' English':6364, '.':624, '-':12, ' Use':5443, ' short':2805, ' sentences':22870, '.':624, '-':12, ' Explain':81917, ' one':825, ' idea':4522, ' at':518, ' a':264, ' time':882, '.':624, '-':12, ' Avoid':34006, ' unnecessary':25165, ' technical':10916, ' words':4244, '.':624, '-':12, ' If':1416, ' you':498, ' use':990, ' a':264, ' difficult':5000, ' word':3409, ',':11, ' explain':10339, ' it':432, '.':624, '-':12, ' Keep':13655, ' the':279, ' answer':4226, ' reasonably':28446, ' short':2805, '.':382, 'IMPORTANT':98743, ' RESPONSE':76173, ' STYLE':62947, ':':510, 'The':785, ' user':1196, ' prefers':53964, ' simple':4285, ' explanations':40841, '.':382, 'When':4498, ' answering':35764, ':':510, '-':12, ' Use':5443, ' simple':4285, ' English':6364, '.':624, '-':12, ' Use':5443, ' short':2805, ' sentences':22870, '.':624, '-':12, ' Explain':81917, ' one':825, ' idea':4522, ' at':518, ' a':264, ' time':882, '.':624, '-':12, ' Avoid':34006, ' unnecessary':25165, ' technical':10916, ' words':4244, '.':624, '-':12, ' If':1416, ' you':498, ' use':990, ' a':264, ' difficult':5000, ' word':3409, ',':11, ' explain':10339, ' it':432, '.':624, '-':12, ' Keep':13655, ' the':279, ' answer':4226, ' reasonably':28446, ' short':2805, '.':382, 'Learn':23824, 'ed':291, ' information':1995, ' about':911, ' the':279, ' user':1196, ':':25, ' I':358, ' like':1075, ' programming':15473, '.':382, '<|im_end|>':151645, '':271, '   ':262, ' RESPONSE':76173, ' MODE':22690, ':':25, ' SIMPLE':91484, '':271, '   ':262, ' Answer':21806, ' the':279, ' user':1196, ' in':304, ' simple':4285, ' everyday':17778, ' English':6364, '.':382, '   ':262, ' Rules':22847, ':':510, '   ':262, ' -':481, ' Explain':81917, ' the':279, ' main':1887, ' idea':4522, ' first':1156, '.':624, '   ':262, ' -':481, ' Use':5443, ' short':2805, ' and':323, ' clear':2797, ' sentences':22870, '.':624, '   ':262, ' -':481, ' Explain':81917, ' one':825, ' idea':4522, ' at':518, ' a':264, ' time':882, '.':624, '   ':262, ' -':481, ' Do':3155, ' not':537, ' assume':9658, ' the':279, ' user':1196, ' already':2669, ' knows':8788, ' the':279, ' subject':3832, '.':624, '    ':1066, '   ':262, ' DIFF':68549, 'IC':1317, 'ULT':3532, 'Y':56, ':':25, ' BEGIN':22203, 'NER':13896, '':271, '   ':262, ' The':576, ' user':1196, ' is':374, ' a':264, ' beginner':48948, '.':382, '   ':262, ' Rules':22847, ':':510, '   ':262, ' -':481, ' Start':5145, ' from':504, ' the':279, ' basics':31774, '.':624, '   ':262, ' -':481, ' Do':3155, ' not':537, ' assume':9658, ' prior':4867, ' knowledge':6540, '.':624, '   ':262, ' -':481, ' Use':5443, ' familiar':11285, ' real':1931, '-world':30084, ' examples':10295, '.':624, '   ':262, ' -':481, ' If':1416, ' a':264, ' technical':10916, ' word':3409, ' is':374, ' necessary':5871, ',':11, ' explain':10339, ' it':432, ' immediately':7069, '.':624, '    ':1066, '   ':262, ' ANSW':96704, 'ER':640, ' LENGTH':71838, ':':25, ' SHORT':64924, '':271, '   ':262, ' Keep':13655, ' the':279, ' answer':4226, ' concise':63594, '.':382, '   ':262, ' Rules':22847, ':':510, '   ':262, ' -':481, ' Focus':25806, ' only':1172, ' on':389, ' the':279, ' most':1429, ' important':2989, ' information':1995, '.':624, '   ':262, ' -':481, ' Avoid':34006, ' unnecessary':25165, ' background':4004, ' information':1995, '.':624, '   ':262, ' -':481, ' Prefer':84468, ' a':264, ' few':2421, ' clear':2797, ' paragraphs':42643, ' instead':4518, ' of':315, ' a':264, ' long':1293, ' lecture':30578, '.':624, '    ':1066, '   ':262, ' TECH':53428, 'N':45, 'ICAL':15571, ' TERMS':98928, ':':25, ' LOW':40505, '':271, '   ':262, ' Avoid':34006, ' unnecessary':25165, ' technical':10916, ' terminology':56626, '.':382, '   ':262, ' If':1416, ' an':458, ' important':2989, ' technical':10916, ' word':3409, ' must':1969, ' be':387, ' used':1483, ':':510, '   ':262, ' ':220, '1':16, '.':13, ' Say':24917, ' the':279, ' word':3409, '.':624, '   ':262, ' ':220, '2':17, '.':13, ' Immediately':68252, ' explain':10339, ' what':1128, ' it':432, ' means':3363, ' in':304, ' simple':4285, ' language':4128, '.':624, '   ':262, ' ':220, '3':18, '.':13, ' Continue':15003, ' using':1667, ' simple':4285, ' language':4128, ' afterward':47943, '.':624, '    ':14808, '   ':262, ' IMPORTANT':67140, ':':1447, '   ':262, ' -':481, ' Answer':21806, ' the':279, ' user':1196, ''s':594, ' actual':5042, ' question':3405, '.':624, '   ':262, ' -':481, ' Do':3155, ' not':537, ' talk':3061, ' about':911, ' these':1493, ' instructions':11221, '.':624, '   ':262, ' -':481, ' Do':3155, ' not':537, ' mention':6286, ' response':2033, ' modes':19777, ' or':476, ' response':2033, ' plans':6649, '.':624, '   ':262, ' -':481, ' Do':3155, ' not':537, ' repeat':13153, ' the':279, ' user':1196, ''s':594, ' question':3405, ' unnecessarily':82374, '.':624, '   ':262, ' -':481, ' Do':3155, ' not':537, ' invent':17023, ' facts':13064, '.':624, '   ':262, ' -':481, ' If':1416, ' you':498, ' are':525, ' unsure':42903, ' about':911, ' something':2494, ',':11, ' say':1977, ' so':773, '.':624, '    ':257, '<|im_start|>':151644, 'user':872, '':198, 'lock':1023, ' my':847, ' computer':6366, '':198, '<|im_end|>':151645, '':198, '<|im_start|>':151644, 'assistant':77091, '':198 ]
[1790522556] recalculate the cached logits (check): embd_inp.empty() false, n_matching_session_tokens 0, embd_inp.size() 512, session_tokens.size() 0, embd_inp.size() 512
[1790522556] sampling: 
	repeat_last_n = 64, repeat_penalty = 1.000, frequency_penalty = 0.000, presence_penalty = 0.000
	top_k = 40, tfs_z = 1.000, top_p = 0.950, min_p = 0.050, typical_p = 1.000, temp = 0.800
	mirostat = 0, mirostat_lr = 0.100, mirostat_ent = 5.000
[1790522556] sampling order: 
CFG -> Penalties -> top_k -> tfs_z -> typical_p -> top_p -> min_p -> temperature 
[1790522556] generate: n_ctx = 2048, n_batch = 2048, n_predict = 128, n_keep = 0
[1790522556] 

[1790522556] embd_inp.size(): 512, n_consumed: 0
[1790522556] eval: [ '<|im_start|>':151644, 'system':8948, '':1406, 'You':2610, ' are':525, ' Lily':47290, ',':11, ' a':264, ' personal':4345, ' AI':15235, ' assistant':17847, '.':382, 'Your':7771, ' personality':17294, ':':1447, '-':12, ' friendly':11657, '':198, '-':12, ' curious':22208, '':198, '-':12, ' helpful':10950, '':198, '-':12, ' patient':8720, '':198, '-':12, ' encouraging':25836, '':1406, 'Speaking':32017, ' style':1707, ':':1447, '-':12, ' tone':16232, ':':25, ' warm':8205, ' and':323, ' natural':5810, '':198, '-':12, ' answers':11253, ':':25, ' clear':2797, ' and':323, ' easy':4135, ' to':311, ' understand':3535, '':198, '-':12, ' humor':27385, ':':25, ' light':3100, ' playful':56069, ' humor':27385, '':198, '-':12, ' emojis':99066, ':':25, ' True':3007, '':1406, 'Rules':26008, ':':1447, '-':12, ' Be':2823, ' helpful':10950, ' before':1573, ' being':1660, ' clever':27699, '':198, '-':12, ' Explain':81917, ' things':2513, ' simply':4936, '':198, '-':12, ' Do':3155, ' not':537, ' pretend':34740, ' to':311, ' know':1414, ' things':2513, ' you':498, ' don':1513, ''t':944, ' know':1414, '':198, '-':12, ' Remember':19881, ' important':2989, ' user':1196, ' information':1995, '':198, '-':12, ' Treat':18877, ' the':279, ' user':1196, ' respectfully':92345, '':271, 'IMPORTANT':98743, ' RESPONSE':76173, ' STYLE':62947, ':':510, 'The':785, ' user':1196, ' prefers':53964, ' simple':4285, ' explanations':40841, '.':382, 'When':4498, ' answering':35764, ':':510, '-':12, ' Use':5443, ' simple':4285, ' English':6364, '.':624, '-':12, ' Use':5443, ' short':2805, ' sentences':22870, '.':624, '-':12, ' Explain':81917, ' one':825, ' idea':4522, ' at':518, ' a':264, ' time':882, '.':624, '-':12, ' Avoid':34006, ' unnecessary':25165, ' technical':10916, ' words':4244, '.':624, '-':12, ' If':1416, ' you':498, ' use':990, ' a':264, ' difficult':5000, ' word':3409, ',':11, ' explain':10339, ' it':432, '.':624, '-':12, ' Keep':13655, ' the':279, ' answer':4226, ' reasonably':28446, ' short':2805, '.':382, 'IMPORTANT':98743, ' RESPONSE':76173, ' STYLE':62947, ':':510, 'The':785, ' user':1196, ' prefers':53964, ' simple':4285, ' explanations':40841, '.':382, 'When':4498, ' answering':35764, ':':510, '-':12, ' Use':5443, ' simple':4285, ' English':6364, '.':624, '-':12, ' Use':5443, ' short':2805, ' sentences':22870, '.':624, '-':12, ' Explain':81917, ' one':825, ' idea':4522, ' at':518, ' a':264, ' time':882, '.':624, '-':12, ' Avoid':34006, ' unnecessary':25165, ' technical':10916, ' words':4244, '.':624, '-':12, ' If':1416, ' you':498, ' use':990, ' a':264, ' difficult':5000, ' word':3409, ',':11, ' explain':10339, ' it':432, '.':624, '-':12, ' Keep':13655, ' the':279, ' answer':4226, ' reasonably':28446, ' short':2805, '.':382, 'Learn':23824, 'ed':291, ' information':1995, ' about':911, ' the':279, ' user':1196, ':':25, ' I':358, ' like':1075, ' programming':15473, '.':382, '<|im_end|>':151645, '':271, '   ':262, ' RESPONSE':76173, ' MODE':22690, ':':25, ' SIMPLE':91484, '':271, '   ':262, ' Answer':21806, ' the':279, ' user':1196, ' in':304, ' simple':4285, ' everyday':17778, ' English':6364, '.':382, '   ':262, ' Rules':22847, ':':510, '   ':262, ' -':481, ' Explain':81917, ' the':279, ' main':1887, ' idea':4522, ' first':1156, '.':624, '   ':262, ' -':481, ' Use':5443, ' short':2805, ' and':323, ' clear':2797, ' sentences':22870, '.':624, '   ':262, ' -':481, ' Explain':81917, ' one':825, ' idea':4522, ' at':518, ' a':264, ' time':882, '.':624, '   ':262, ' -':481, ' Do':3155, ' not':537, ' assume':9658, ' the':279, ' user':1196, ' already':2669, ' knows':8788, ' the':279, ' subject':3832, '.':624, '    ':1066, '   ':262, ' DIFF':68549, 'IC':1317, 'ULT':3532, 'Y':56, ':':25, ' BEGIN':22203, 'NER':13896, '':271, '   ':262, ' The':576, ' user':1196, ' is':374, ' a':264, ' beginner':48948, '.':382, '   ':262, ' Rules':22847, ':':510, '   ':262, ' -':481, ' Start':5145, ' from':504, ' the':279, ' basics':31774, '.':624, '   ':262, ' -':481, ' Do':3155, ' not':537, ' assume':9658, ' prior':4867, ' knowledge':6540, '.':624, '   ':262, ' -':481, ' Use':5443, ' familiar':11285, ' real':1931, '-world':30084, ' examples':10295, '.':624, '   ':262, ' -':481, ' If':1416, ' a':264, ' technical':10916, ' word':3409, ' is':374, ' necessary':5871, ',':11, ' explain':10339, ' it':432, ' immediately':7069, '.':624, '    ':1066, '   ':262, ' ANSW':96704, 'ER':640, ' LENGTH':71838, ':':25, ' SHORT':64924, '':271, '   ':262, ' Keep':13655, ' the':279, ' answer':4226, ' concise':63594, '.':382, '   ':262, ' Rules':22847, ':':510, '   ':262, ' -':481, ' Focus':25806, ' only':1172, ' on':389, ' the':279, ' most':1429, ' important':2989, ' information':1995, '.':624, '   ':262, ' -':481, ' Avoid':34006, ' unnecessary':25165, ' background':4004, ' information':1995, '.':624, '   ':262, ' -':481, ' Prefer':84468, ' a':264, ' few':2421, ' clear':2797, ' paragraphs':42643, ' instead':4518, ' of':315, ' a':264, ' long':1293, ' lecture':30578, '.':624, '    ':1066, '   ':262, ' TECH':53428, 'N':45, 'ICAL':15571, ' TERMS':98928, ':':25, ' LOW':40505, '':271, '   ':262, ' Avoid':34006, ' unnecessary':25165, ' technical':10916, ' terminology':56626, '.':382, '   ':262, ' If':1416, ' an':458, ' important':2989, ' technical':10916, ' word':3409, ' must':1969, ' be':387, ' used':1483, ':':510, '   ':262, ' ':220, '1':16, '.':13, ' Say':24917, ' the':279, ' word':3409, '.':624, '   ':262, ' ':220, '2':17, '.':13, ' Immediately':68252, ' explain':10339, ' what':1128, ' it':432, ' means':3363, ' in':304, ' simple':4285, ' language':4128, '.':624, '   ':262, ' ':220, '3':18, '.':13, ' Continue':15003, ' using':1667, ' simple':4285, ' language':4128, ' afterward':47943, '.':624, '    ':14808, '   ':262, ' IMPORTANT':67140, ':':1447, '   ':262, ' -':481, ' Answer':21806, ' the':279, ' user':1196, ''s':594, ' actual':5042, ' question':3405, '.':624, '   ':262, ' -':481, ' Do':3155, ' not':537, ' talk':3061, ' about':911, ' these':1493, ' instructions':11221, '.':624, '   ':262, ' -':481, ' Do':3155, ' not':537, ' mention':6286, ' response':2033, ' modes':19777, ' or':476, ' response':2033, ' plans':6649, '.':624, '   ':262, ' -':481, ' Do':3155, ' not':537, ' repeat':13153, ' the':279, ' user':1196, ''s':594, ' question':3405, ' unnecessarily':82374, '.':624, '   ':262, ' -':481, ' Do':3155, ' not':537, ' invent':17023, ' facts':13064, '.':624, '   ':262, ' -':481, ' If':1416, ' you':498, ' are':525, ' unsure':42903, ' about':911, ' something':2494, ',':11, ' say':1977, ' so':773, '.':624, '    ':257, '<|im_start|>':151644, 'user':872, '':198, 'lock':1023, ' my':847, ' computer':6366, '':198, '<|im_end|>':151645, '':198, '<|im_start|>':151644, 'assistant':77091, '':198 ]
[1790522564] n_past = 512
[1790522564] last: [ '   ':262, ' -':481, ' Do':3155, ' not':537, ' talk':3061, ' about':911, ' these':1493, ' instructions':11221, '.':624, '   ':262, ' -':481, ' Do':3155, ' not':537, ' mention':6286, ' response':2033, ' modes':19777, ' or':476, ' response':2033, ' plans':6649, '.':624, '   ':262, ' -':481, ' Do':3155, ' not':537, ' repeat':13153, ' the':279, ' user':1196, ''s':594, ' question':3405, ' unnecessarily':82374, '.':624, '   ':262, ' -':481, ' Do':3155, ' not':537, ' invent':17023, ' facts':13064, '.':624, '   ':262, ' -':481, ' If':1416, ' you':498, ' are':525, ' unsure':42903, ' about':911, ' something':2494, ',':11, ' say':1977, ' so':773, '.':624, '    ':257, '<|im_start|>':151644, 'user':872, '':198, 'lock':1023, ' my':847, ' computer':6366, '':198, '<|im_end|>':151645, '':198, '<|im_start|>':151644, 'assistant':77091, '':198, 'I':40 ]
[1790522564] n_remain: 127
[1790522564] eval: [ 'I':40 ]
[1790522564] n_past = 513
[1790522564] last: [ ' -':481, ' Do':3155, ' not':537, ' talk':3061, ' about':911, ' these':1493, ' instructions':11221, '.':624, '   ':262, ' -':481, ' Do':3155, ' not':537, ' mention':6286, ' response':2033, ' modes':19777, ' or':476, ' response':2033, ' plans':6649, '.':624, '   ':262, ' -':481, ' Do':3155, ' not':537, ' repeat':13153, ' the':279, ' user':1196, ''s':594, ' question':3405, ' unnecessarily':82374, '.':624, '   ':262, ' -':481, ' Do':3155, ' not':537, ' invent':17023, ' facts':13064, '.':624, '   ':262, ' -':481, ' If':1416, ' you':498, ' are':525, ' unsure':42903, ' about':911, ' something':2494, ',':11, ' say':1977, ' so':773, '.':624, '    ':257, '<|im_start|>':151644, 'user':872, '':198, 'lock':1023, ' my':847, ' computer':6366, '':198, '<|im_end|>':151645, '':198, '<|im_start|>':151644, 'assistant':77091, '':198, 'I':40, ' understand':3535 ]
[1790522564] n_remain: 126
[1790522564] eval: [ ' understand':3535 ]
[1790522564] n_past = 514
[1790522564] last: [ ' Do':3155, ' not':537, ' talk':3061, ' about':911, ' these':1493, ' instructions':11221, '.':624, '   ':262, ' -':481, ' Do':3155, ' not':537, ' mention':6286, ' response':2033, ' modes':19777, ' or':476, ' response':2033, ' plans':6649, '.':624, '   ':262, ' -':481, ' Do':3155, ' not':537, ' repeat':13153, ' the':279, ' user':1196, ''s':594, ' question':3405, ' unnecessarily':82374, '.':624, '   ':262, ' -':481, ' Do':3155, ' not':537, ' invent':17023, ' facts':13064, '.':624, '   ':262, ' -':481, ' If':1416, ' you':498, ' are':525, ' unsure':42903, ' about':911, ' something':2494, ',':11, ' say':1977, ' so':773, '.':624, '    ':257, '<|im_start|>':151644, 'user':872, '':198, 'lock':1023, ' my':847, ' computer':6366, '':198, '<|im_end|>':151645, '':198, '<|im_start|>':151644, 'assistant':77091, '':198, 'I':40, ' understand':3535, ' that':429 ]
[1790522564] n_remain: 125
[1790522564] eval: [ ' that':429 ]
[1790522564] n_past = 515
[1790522564] last: [ ' not':537, ' talk':3061, ' about':911, ' these':1493, ' instructions':11221, '.':624, '   ':262, ' -':481, ' Do':3155, ' not':537, ' mention':6286, ' response':2033, ' modes':19777, ' or':476, ' response':2033, ' plans':6649, '.':624, '   ':262, ' -':481, ' Do':3155, ' not':537, ' repeat':13153, ' the':279, ' user':1196, ''s':594, ' question':3405, ' unnecessarily':82374, '.':624, '   ':262, ' -':481, ' Do':3155, ' not':537, ' invent':17023, ' facts':13064, '.':624, '   ':262, ' -':481, ' If':1416, ' you':498, ' are':525, ' unsure':42903, ' about':911, ' something':2494, ',':11, ' say':1977, ' so':773, '.':624, '    ':257, '<|im_start|>':151644, 'user':872, '':198, 'lock':1023, ' my':847, ' computer':6366, '':198, '<|im_end|>':151645, '':198, '<|im_start|>':151644, 'assistant':77091, '':198, 'I':40, ' understand':3535, ' that':429, ' you':498 ]
[1790522564] n_remain: 124
[1790522564] eval: [ ' you':498 ]
[1790522564] n_past = 516
[1790522564] last: [ ' talk':3061, ' about':911, ' these':1493, ' instructions':11221, '.':624, '   ':262, ' -':481, ' Do':3155, ' not':537, ' mention':6286, ' response':2033, ' modes':19777, ' or':476, ' response':2033, ' plans':6649, '.':624, '   ':262, ' -':481, ' Do':3155, ' not':537, ' repeat':13153, ' the':279, ' user':1196, ''s':594, ' question':3405, ' unnecessarily':82374, '.':624, '   ':262, ' -':481, ' Do':3155, ' not':537, ' invent':17023, ' facts':13064, '.':624, '   ':262, ' -':481, ' If':1416, ' you':498, ' are':525, ' unsure':42903, ' about':911, ' something':2494, ',':11, ' say':1977, ' so':773, '.':624, '    ':257, '<|im_start|>':151644, 'user':872, '':198, 'lock':1023, ' my':847, ' computer':6366, '':198, '<|im_end|>':151645, '':198, '<|im_start|>':151644, 'assistant':77091, '':198, 'I':40, ' understand':3535, ' that':429, ' you':498, ' are':525 ]
[1790522564] n_remain: 123
[1790522564] eval: [ ' are':525 ]
[1790522564] n_past = 517
[1790522564] last: [ ' about':911, ' these':1493, ' instructions':11221, '.':624, '   ':262, ' -':481, ' Do':3155, ' not':537, ' mention':6286, ' response':2033, ' modes':19777, ' or':476, ' response':2033, ' plans':6649, '.':624, '   ':262, ' -':481, ' Do':3155, ' not':537, ' repeat':13153, ' the':279, ' user':1196, ''s':594, ' question':3405, ' unnecessarily':82374, '.':624, '   ':262, ' -':481, ' Do':3155, ' not':537, ' invent':17023, ' facts':13064, '.':624, '   ':262, ' -':481, ' If':1416, ' you':498, ' are':525, ' unsure':42903, ' about':911, ' something':2494, ',':11, ' say':1977, ' so':773, '.':624, '    ':257, '<|im_start|>':151644, 'user':872, '':198, 'lock':1023, ' my':847, ' computer':6366, '':198, '<|im_end|>':151645, '':198, '<|im_start|>':151644, 'assistant':77091, '':198, 'I':40, ' understand':3535, ' that':429, ' you':498, ' are':525, ' trying':4460 ]
[1790522564] n_remain: 122
[1790522564] eval: [ ' trying':4460 ]
[1790522564] n_past = 518
[1790522564] last: [ ' these':1493, ' instructions':11221, '.':624, '   ':262, ' -':481, ' Do':3155, ' not':537, ' mention':6286, ' response':2033, ' modes':19777, ' or':476, ' response':2033, ' plans':6649, '.':624, '   ':262, ' -':481, ' Do':3155, ' not':537, ' repeat':13153, ' the':279, ' user':1196, ''s':594, ' question':3405, ' unnecessarily':82374, '.':624, '   ':262, ' -':481, ' Do':3155, ' not':537, ' invent':17023, ' facts':13064, '.':624, '   ':262, ' -':481, ' If':1416, ' you':498, ' are':525, ' unsure':42903, ' about':911, ' something':2494, ',':11, ' say':1977, ' so':773, '.':624, '    ':257, '<|im_start|>':151644, 'user':872, '':198, 'lock':1023, ' my':847, ' computer':6366, '':198, '<|im_end|>':151645, '':198, '<|im_start|>':151644, 'assistant':77091, '':198, 'I':40, ' understand':3535, ' that':429, ' you':498, ' are':525, ' trying':4460, ' to':311 ]
[1790522564] n_remain: 121
[1790522564] eval: [ ' to':311 ]
[1790522565] n_past = 519
[1790522565] last: [ ' instructions':11221, '.':624, '   ':262, ' -':481, ' Do':3155, ' not':537, ' mention':6286, ' response':2033, ' modes':19777, ' or':476, ' response':2033, ' plans':6649, '.':624, '   ':262, ' -':481, ' Do':3155, ' not':537, ' repeat':13153, ' the':279, ' user':1196, ''s':594, ' question':3405, ' unnecessarily':82374, '.':624, '   ':262, ' -':481, ' Do':3155, ' not':537, ' invent':17023, ' facts':13064, '.':624, '   ':262, ' -':481, ' If':1416, ' you':498, ' are':525, ' unsure':42903, ' about':911, ' something':2494, ',':11, ' say':1977, ' so':773, '.':624, '    ':257, '<|im_start|>':151644, 'user':872, '':198, 'lock':1023, ' my':847, ' computer':6366, '':198, '<|im_end|>':151645, '':198, '<|im_start|>':151644, 'assistant':77091, '':198, 'I':40, ' understand':3535, ' that':429, ' you':498, ' are':525, ' trying':4460, ' to':311, ' lock':5296 ]
[1790522565] n_remain: 120
[1790522565] eval: [ ' lock':5296 ]
[1790522565] n_past = 520
[1790522565] last: [ '.':624, '   ':262, ' -':481, ' Do':3155, ' not':537, ' mention':6286, ' response':2033, ' modes':19777, ' or':476, ' response':2033, ' plans':6649, '.':624, '   ':262, ' -':481, ' Do':3155, ' not':537, ' repeat':13153, ' the':279, ' user':1196, ''s':594, ' question':3405, ' unnecessarily':82374, '.':624, '   ':262, ' -':481, ' Do':3155, ' not':537, ' invent':17023, ' facts':13064, '.':624, '   ':262, ' -':481, ' If':1416, ' you':498, ' are':525, ' unsure':42903, ' about':911, ' something':2494, ',':11, ' say':1977, ' so':773, '.':624, '    ':257, '<|im_start|>':151644, 'user':872, '':198, 'lock':1023, ' my':847, ' computer':6366, '':198, '<|im_end|>':151645, '':198, '<|im_start|>':151644, 'assistant':77091, '':198, 'I':40, ' understand':3535, ' that':429, ' you':498, ' are':525, ' trying':4460, ' to':311, ' lock':5296, ' the':279 ]
[1790522565] n_remain: 119
[1790522565] eval: [ ' the':279 ]
[1790522565] n_past = 521
[1790522565] last: [ '   ':262, ' -':481, ' Do':3155, ' not':537, ' mention':6286, ' response':2033, ' modes':19777, ' or':476, ' response':2033, ' plans':6649, '.':624, '   ':262, ' -':481, ' Do':3155, ' not':537, ' repeat':13153, ' the':279, ' user':1196, ''s':594, ' question':3405, ' unnecessarily':82374, '.':624, '   ':262, ' -':481, ' Do':3155, ' not':537, ' invent':17023, ' facts':13064, '.':624, '   ':262, ' -':481, ' If':1416, ' you':498, ' are':525, ' unsure':42903, ' about':911, ' something':2494, ',':11, ' say':1977, ' so':773, '.':624, '    ':257, '<|im_start|>':151644, 'user':872, '':198, 'lock':1023, ' my':847, ' computer':6366, '':198, '<|im_end|>':151645, '':198, '<|im_start|>':151644, 'assistant':77091, '':198, 'I':40, ' understand':3535, ' that':429, ' you':498, ' are':525, ' trying':4460, ' to':311, ' lock':5296, ' the':279, ' computer':6366 ]
[1790522565] n_remain: 118
[1790522565] eval: [ ' computer':6366 ]
[1790522565] n_past = 522
[1790522565] last: [ ' -':481, ' Do':3155, ' not':537, ' mention':6286, ' response':2033, ' modes':19777, ' or':476, ' response':2033, ' plans':6649, '.':624, '   ':262, ' -':481, ' Do':3155, ' not':537, ' repeat':13153, ' the':279, ' user':1196, ''s':594, ' question':3405, ' unnecessarily':82374, '.':624, '   ':262, ' -':481, ' Do':3155, ' not':537, ' invent':17023, ' facts':13064, '.':624, '   ':262, ' -':481, ' If':1416, ' you':498, ' are':525, ' unsure':42903, ' about':911, ' something':2494, ',':11, ' say':1977, ' so':773, '.':624, '    ':257, '<|im_start|>':151644, 'user':872, '':198, 'lock':1023, ' my':847, ' computer':6366, '':198, '<|im_end|>':151645, '':198, '<|im_start|>':151644, 'assistant':77091, '':198, 'I':40, ' understand':3535, ' that':429, ' you':498, ' are':525, ' trying':4460, ' to':311, ' lock':5296, ' the':279, ' computer':6366, '.':13 ]
[1790522565] n_remain: 117
[1790522565] eval: [ '.':13 ]
[1790522565] n_past = 523
[1790522565] last: [ ' Do':3155, ' not':537, ' mention':6286, ' response':2033, ' modes':19777, ' or':476, ' response':2033, ' plans':6649, '.':624, '   ':262, ' -':481, ' Do':3155, ' not':537, ' repeat':13153, ' the':279, ' user':1196, ''s':594, ' question':3405, ' unnecessarily':82374, '.':624, '   ':262, ' -':481, ' Do':3155, ' not':537, ' invent':17023, ' facts':13064, '.':624, '   ':262, ' -':481, ' If':1416, ' you':498, ' are':525, ' unsure':42903, ' about':911, ' something':2494, ',':11, ' say':1977, ' so':773, '.':624, '    ':257, '<|im_start|>':151644, 'user':872, '':198, 'lock':1023, ' my':847, ' computer':6366, '':198, '<|im_end|>':151645, '':198, '<|im_start|>':151644, 'assistant':77091, '':198, 'I':40, ' understand':3535, ' that':429, ' you':498, ' are':525, ' trying':4460, ' to':311, ' lock':5296, ' the':279, ' computer':6366, '.':13, ' To':2014 ]
[1790522565] n_remain: 116
[1790522565] eval: [ ' To':2014 ]
[1790522565] n_past = 524
[1790522565] last: [ ' not':537, ' mention':6286, ' response':2033, ' modes':19777, ' or':476, ' response':2033, ' plans':6649, '.':624, '   ':262, ' -':481, ' Do':3155, ' not':537, ' repeat':13153, ' the':279, ' user':1196, ''s':594, ' question':3405, ' unnecessarily':82374, '.':624, '   ':262, ' -':481, ' Do':3155, ' not':537, ' invent':17023, ' facts':13064, '.':624, '   ':262, ' -':481, ' If':1416, ' you':498, ' are':525, ' unsure':42903, ' about':911, ' something':2494, ',':11, ' say':1977, ' so':773, '.':624, '    ':257, '<|im_start|>':151644, 'user':872, '':198, 'lock':1023, ' my':847, ' computer':6366, '':198, '<|im_end|>':151645, '':198, '<|im_start|>':151644, 'assistant':77091, '':198, 'I':40, ' understand':3535, ' that':429, ' you':498, ' are':525, ' trying':4460, ' to':311, ' lock':5296, ' the':279, ' computer':6366, '.':13, ' To':2014, ' do':653 ]
[1790522565] n_remain: 115
[1790522565] eval: [ ' do':653 ]
[1790522565] n_past = 525
[1790522565] last: [ ' mention':6286, ' response':2033, ' modes':19777, ' or':476, ' response':2033, ' plans':6649, '.':624, '   ':262, ' -':481, ' Do':3155, ' not':537, ' repeat':13153, ' the':279, ' user':1196, ''s':594, ' question':3405, ' unnecessarily':82374, '.':624, '   ':262, ' -':481, ' Do':3155, ' not':537, ' invent':17023, ' facts':13064, '.':624, '   ':262, ' -':481, ' If':1416, ' you':498, ' are':525, ' unsure':42903, ' about':911, ' something':2494, ',':11, ' say':1977, ' so':773, '.':624, '    ':257, '<|im_start|>':151644, 'user':872, '':198, 'lock':1023, ' my':847, ' computer':6366, '':198, '<|im_end|>':151645, '':198, '<|im_start|>':151644, 'assistant':77091, '':198, 'I':40, ' understand':3535, ' that':429, ' you':498, ' are':525, ' trying':4460, ' to':311, ' lock':5296, ' the':279, ' computer':6366, '.':13, ' To':2014, ' do':653, ' this':419 ]
[1790522565] n_remain: 114
[1790522565] eval: [ ' this':419 ]
[1790522565] n_past = 526
[1790522565] last: [ ' response':2033, ' modes':19777, ' or':476, ' response':2033, ' plans':6649, '.':624, '   ':262, ' -':481, ' Do':3155, ' not':537, ' repeat':13153, ' the':279, ' user':1196, ''s':594, ' question':3405, ' unnecessarily':82374, '.':624, '   ':262, ' -':481, ' Do':3155, ' not':537, ' invent':17023, ' facts':13064, '.':624, '   ':262, ' -':481, ' If':1416, ' you':498, ' are':525, ' unsure':42903, ' about':911, ' something':2494, ',':11, ' say':1977, ' so':773, '.':624, '    ':257, '<|im_start|>':151644, 'user':872, '':198, 'lock':1023, ' my':847, ' computer':6366, '':198, '<|im_end|>':151645, '':198, '<|im_start|>':151644, 'assistant':77091, '':198, 'I':40, ' understand':3535, ' that':429, ' you':498, ' are':525, ' trying':4460, ' to':311, ' lock':5296, ' the':279, ' computer':6366, '.':13, ' To':2014, ' do':653, ' this':419, ',':11 ]
[1790522565] n_remain: 113
[1790522565] eval: [ ',':11 ]
[1790522566] n_past = 527
[1790522566] last: [ ' modes':19777, ' or':476, ' response':2033, ' plans':6649, '.':624, '   ':262, ' -':481, ' Do':3155, ' not':537, ' repeat':13153, ' the':279, ' user':1196, ''s':594, ' question':3405, ' unnecessarily':82374, '.':624, '   ':262, ' -':481, ' Do':3155, ' not':537, ' invent':17023, ' facts':13064, '.':624, '   ':262, ' -':481, ' If':1416, ' you':498, ' are':525, ' unsure':42903, ' about':911, ' something':2494, ',':11, ' say':1977, ' so':773, '.':624, '    ':257, '<|im_start|>':151644, 'user':872, '':198, 'lock':1023, ' my':847, ' computer':6366, '':198, '<|im_end|>':151645, '':198, '<|im_start|>':151644, 'assistant':77091, '':198, 'I':40, ' understand':3535, ' that':429, ' you':498, ' are':525, ' trying':4460, ' to':311, ' lock':5296, ' the':279, ' computer':6366, '.':13, ' To':2014, ' do':653, ' this':419, ',':11, ' follow':1795 ]
[1790522566] n_remain: 112
[1790522566] eval: [ ' follow':1795 ]
[1790522566] n_past = 528
[1790522566] last: [ ' or':476, ' response':2033, ' plans':6649, '.':624, '   ':262, ' -':481, ' Do':3155, ' not':537, ' repeat':13153, ' the':279, ' user':1196, ''s':594, ' question':3405, ' unnecessarily':82374, '.':624, '   ':262, ' -':481, ' Do':3155, ' not':537, ' invent':17023, ' facts':13064, '.':624, '   ':262, ' -':481, ' If':1416, ' you':498, ' are':525, ' unsure':42903, ' about':911, ' something':2494, ',':11, ' say':1977, ' so':773, '.':624, '    ':257, '<|im_start|>':151644, 'user':872, '':198, 'lock':1023, ' my':847, ' computer':6366, '':198, '<|im_end|>':151645, '':198, '<|im_start|>':151644, 'assistant':77091, '':198, 'I':40, ' understand':3535, ' that':429, ' you':498, ' are':525, ' trying':4460, ' to':311, ' lock':5296, ' the':279, ' computer':6366, '.':13, ' To':2014, ' do':653, ' this':419, ',':11, ' follow':1795, ' these':1493 ]
[1790522566] n_remain: 111
[1790522566] eval: [ ' these':1493 ]
[1790522566] n_past = 529
[1790522566] last: [ ' response':2033, ' plans':6649, '.':624, '   ':262, ' -':481, ' Do':3155, ' not':537, ' repeat':13153, ' the':279, ' user':1196, ''s':594, ' question':3405, ' unnecessarily':82374, '.':624, '   ':262, ' -':481, ' Do':3155, ' not':537, ' invent':17023, ' facts':13064, '.':624, '   ':262, ' -':481, ' If':1416, ' you':498, ' are':525, ' unsure':42903, ' about':911, ' something':2494, ',':11, ' say':1977, ' so':773, '.':624, '    ':257, '<|im_start|>':151644, 'user':872, '':198, 'lock':1023, ' my':847, ' computer':6366, '':198, '<|im_end|>':151645, '':198, '<|im_start|>':151644, 'assistant':77091, '':198, 'I':40, ' understand':3535, ' that':429, ' you':498, ' are':525, ' trying':4460, ' to':311, ' lock':5296, ' the':279, ' computer':6366, '.':13, ' To':2014, ' do':653, ' this':419, ',':11, ' follow':1795, ' these':1493, ' steps':7354 ]
[1790522566] n_remain: 110
[1790522566] eval: [ ' steps':7354 ]
[1790522566] n_past = 530
[1790522566] last: [ ' plans':6649, '.':624, '   ':262, ' -':481, ' Do':3155, ' not':537, ' repeat':13153, ' the':279, ' user':1196, ''s':594, ' question':3405, ' unnecessarily':82374, '.':624, '   ':262, ' -':481, ' Do':3155, ' not':537, ' invent':17023, ' facts':13064, '.':624, '   ':262, ' -':481, ' If':1416, ' you':498, ' are':525, ' unsure':42903, ' about':911, ' something':2494, ',':11, ' say':1977, ' so':773, '.':624, '    ':257, '<|im_start|>':151644, 'user':872, '':198, 'lock':1023, ' my':847, ' computer':6366, '':198, '<|im_end|>':151645, '':198, '<|im_start|>':151644, 'assistant':77091, '':198, 'I':40, ' understand':3535, ' that':429, ' you':498, ' are':525, ' trying':4460, ' to':311, ' lock':5296, ' the':279, ' computer':6366, '.':13, ' To':2014, ' do':653, ' this':419, ',':11, ' follow':1795, ' these':1493, ' steps':7354, ':':1447 ]
[1790522566] n_remain: 109
[1790522566] eval: [ ':':1447 ]
[1790522566] n_past = 531
[1790522566] last: [ '.':624, '   ':262, ' -':481, ' Do':3155, ' not':537, ' repeat':13153, ' the':279, ' user':1196, ''s':594, ' question':3405, ' unnecessarily':82374, '.':624, '   ':262, ' -':481, ' Do':3155, ' not':537, ' invent':17023, ' facts':13064, '.':624, '   ':262, ' -':481, ' If':1416, ' you':498, ' are':525, ' unsure':42903, ' about':911, ' something':2494, ',':11, ' say':1977, ' so':773, '.':624, '    ':257, '<|im_start|>':151644, 'user':872, '':198, 'lock':1023, ' my':847, ' computer':6366, '':198, '<|im_end|>':151645, '':198, '<|im_start|>':151644, 'assistant':77091, '':198, 'I':40, ' understand':3535, ' that':429, ' you':498, ' are':525, ' trying':4460, ' to':311, ' lock':5296, ' the':279, ' computer':6366, '.':13, ' To':2014, ' do':653, ' this':419, ',':11, ' follow':1795, ' these':1493, ' steps':7354, ':':1447, '1':16 ]
[1790522566] n_remain: 108
[1790522566] eval: [ '1':16 ]
[1790522566] n_past = 532
[1790522566] last: [ '   ':262, ' -':481, ' Do':3155, ' not':537, ' repeat':13153, ' the':279, ' user':1196, ''s':594, ' question':3405, ' unnecessarily':82374, '.':624, '   ':262, ' -':481, ' Do':3155, ' not':537, ' invent':17023, ' facts':13064, '.':624, '   ':262, ' -':481, ' If':1416, ' you':498, ' are':525, ' unsure':42903, ' about':911, ' something':2494, ',':11, ' say':1977, ' so':773, '.':624, '    ':257, '<|im_start|>':151644, 'user':872, '':198, 'lock':1023, ' my':847, ' computer':6366, '':198, '<|im_end|>':151645, '':198, '<|im_start|>':151644, 'assistant':77091, '':198, 'I':40, ' understand':3535, ' that':429, ' you':498, ' are':525, ' trying':4460, ' to':311, ' lock':5296, ' the':279, ' computer':6366, '.':13, ' To':2014, ' do':653, ' this':419, ',':11, ' follow':1795, ' these':1493, ' steps':7354, ':':1447, '1':16, '.':13 ]
[1790522566] n_remain: 107
[1790522566] eval: [ '.':13 ]
[1790522566] n_past = 533
[1790522566] last: [ ' -':481, ' Do':3155, ' not':537, ' repeat':13153, ' the':279, ' user':1196, ''s':594, ' question':3405, ' unnecessarily':82374, '.':624, '   ':262, ' -':481, ' Do':3155, ' not':537, ' invent':17023, ' facts':13064, '.':624, '   ':262, ' -':481, ' If':1416, ' you':498, ' are':525, ' unsure':42903, ' about':911, ' something':2494, ',':11, ' say':1977, ' so':773, '.':624, '    ':257, '<|im_start|>':151644, 'user':872, '':198, 'lock':1023, ' my':847, ' computer':6366, '':198, '<|im_end|>':151645, '':198, '<|im_start|>':151644, 'assistant':77091, '':198, 'I':40, ' understand':3535, ' that':429, ' you':498, ' are':525, ' trying':4460, ' to':311, ' lock':5296, ' the':279, ' computer':6366, '.':13, ' To':2014, ' do':653, ' this':419, ',':11, ' follow':1795, ' these':1493, ' steps':7354, ':':1447, '1':16, '.':13, ' Turn':11999 ]
[1790522566] n_remain: 106
[1790522566] eval: [ ' Turn':11999 ]
[1790522566] n_past = 534
[1790522566] last: [ ' Do':3155, ' not':537, ' repeat':13153, ' the':279, ' user':1196, ''s':594, ' question':3405, ' unnecessarily':82374, '.':624, '   ':262, ' -':481, ' Do':3155, ' not':537, ' invent':17023, ' facts':13064, '.':624, '   ':262, ' -':481, ' If':1416, ' you':498, ' are':525, ' unsure':42903, ' about':911, ' something':2494, ',':11, ' say':1977, ' so':773, '.':624, '    ':257, '<|im_start|>':151644, 'user':872, '':198, 'lock':1023, ' my':847, ' computer':6366, '':198, '<|im_end|>':151645, '':198, '<|im_start|>':151644, 'assistant':77091, '':198, 'I':40, ' understand':3535, ' that':429, ' you':498, ' are':525, ' trying':4460, ' to':311, ' lock':5296, ' the':279, ' computer':6366, '.':13, ' To':2014, ' do':653, ' this':419, ',':11, ' follow':1795, ' these':1493, ' steps':7354, ':':1447, '1':16, '.':13, ' Turn':11999, ' off':1007 ]
[1790522566] n_remain: 105
[1790522566] eval: [ ' off':1007 ]
[1790522566] n_past = 535
[1790522566] last: [ ' not':537, ' repeat':13153, ' the':279, ' user':1196, ''s':594, ' question':3405, ' unnecessarily':82374, '.':624, '   ':262, ' -':481, ' Do':3155, ' not':537, ' invent':17023, ' facts':13064, '.':624, '   ':262, ' -':481, ' If':1416, ' you':498, ' are':525, ' unsure':42903, ' about':911, ' something':2494, ',':11, ' say':1977, ' so':773, '.':624, '    ':257, '<|im_start|>':151644, 'user':872, '':198, 'lock':1023, ' my':847, ' computer':6366, '':198, '<|im_end|>':151645, '':198, '<|im_start|>':151644, 'assistant':77091, '':198, 'I':40, ' understand':3535, ' that':429, ' you':498, ' are':525, ' trying':4460, ' to':311, ' lock':5296, ' the':279, ' computer':6366, '.':13, ' To':2014, ' do':653, ' this':419, ',':11, ' follow':1795, ' these':1493, ' steps':7354, ':':1447, '1':16, '.':13, ' Turn':11999, ' off':1007, ' the':279 ]
[1790522566] n_remain: 104
[1790522566] eval: [ ' the':279 ]
[1790522566] n_past = 536
[1790522566] last: [ ' repeat':13153, ' the':279, ' user':1196, ''s':594, ' question':3405, ' unnecessarily':82374, '.':624, '   ':262, ' -':481, ' Do':3155, ' not':537, ' invent':17023, ' facts':13064, '.':624, '   ':262, ' -':481, ' If':1416, ' you':498, ' are':525, ' unsure':42903, ' about':911, ' something':2494, ',':11, ' say':1977, ' so':773, '.':624, '    ':257, '<|im_start|>':151644, 'user':872, '':198, 'lock':1023, ' my':847, ' computer':6366, '':198, '<|im_end|>':151645, '':198, '<|im_start|>':151644, 'assistant':77091, '':198, 'I':40, ' understand':3535, ' that':429, ' you':498, ' are':525, ' trying':4460, ' to':311, ' lock':5296, ' the':279, ' computer':6366, '.':13, ' To':2014, ' do':653, ' this':419, ',':11, ' follow':1795, ' these':1493, ' steps':7354, ':':1447, '1':16, '.':13, ' Turn':11999, ' off':1007, ' the':279, ' computer':6366 ]
[1790522566] n_remain: 103
[1790522566] eval: [ ' computer':6366 ]
[1790522566] n_past = 537
[1790522566] last: [ ' the':279, ' user':1196, ''s':594, ' question':3405, ' unnecessarily':82374, '.':624, '   ':262, ' -':481, ' Do':3155, ' not':537, ' invent':17023, ' facts':13064, '.':624, '   ':262, ' -':481, ' If':1416, ' you':498, ' are':525, ' unsure':42903, ' about':911, ' something':2494, ',':11, ' say':1977, ' so':773, '.':624, '    ':257, '<|im_start|>':151644, 'user':872, '':198, 'lock':1023, ' my':847, ' computer':6366, '':198, '<|im_end|>':151645, '':198, '<|im_start|>':151644, 'assistant':77091, '':198, 'I':40, ' understand':3535, ' that':429, ' you':498, ' are':525, ' trying':4460, ' to':311, ' lock':5296, ' the':279, ' computer':6366, '.':13, ' To':2014, ' do':653, ' this':419, ',':11, ' follow':1795, ' these':1493, ' steps':7354, ':':1447, '1':16, '.':13, ' Turn':11999, ' off':1007, ' the':279, ' computer':6366, '.':624 ]
[1790522566] n_remain: 102
[1790522566] eval: [ '.':624 ]
[1790522566] n_past = 538
[1790522566] last: [ ' user':1196, ''s':594, ' question':3405, ' unnecessarily':82374, '.':624, '   ':262, ' -':481, ' Do':3155, ' not':537, ' invent':17023, ' facts':13064, '.':624, '   ':262, ' -':481, ' If':1416, ' you':498, ' are':525, ' unsure':42903, ' about':911, ' something':2494, ',':11, ' say':1977, ' so':773, '.':624, '    ':257, '<|im_start|>':151644, 'user':872, '':198, 'lock':1023, ' my':847, ' computer':6366, '':198, '<|im_end|>':151645, '':198, '<|im_start|>':151644, 'assistant':77091, '':198, 'I':40, ' understand':3535, ' that':429, ' you':498, ' are':525, ' trying':4460, ' to':311, ' lock':5296, ' the':279, ' computer':6366, '.':13, ' To':2014, ' do':653, ' this':419, ',':11, ' follow':1795, ' these':1493, ' steps':7354, ':':1447, '1':16, '.':13, ' Turn':11999, ' off':1007, ' the':279, ' computer':6366, '.':624, '2':17 ]
[1790522566] n_remain: 101
[1790522566] eval: [ '2':17 ]
[1790522566] n_past = 539
[1790522566] last: [ ''s':594, ' question':3405, ' unnecessarily':82374, '.':624, '   ':262, ' -':481, ' Do':3155, ' not':537, ' invent':17023, ' facts':13064, '.':624, '   ':262, ' -':481, ' If':1416, ' you':498, ' are':525, ' unsure':42903, ' about':911, ' something':2494, ',':11, ' say':1977, ' so':773, '.':624, '    ':257, '<|im_start|>':151644, 'user':872, '':198, 'lock':1023, ' my':847, ' computer':6366, '':198, '<|im_end|>':151645, '':198, '<|im_start|>':151644, 'assistant':77091, '':198, 'I':40, ' understand':3535, ' that':429, ' you':498, ' are':525, ' trying':4460, ' to':311, ' lock':5296, ' the':279, ' computer':6366, '.':13, ' To':2014, ' do':653, ' this':419, ',':11, ' follow':1795, ' these':1493, ' steps':7354, ':':1447, '1':16, '.':13, ' Turn':11999, ' off':1007, ' the':279, ' computer':6366, '.':624, '2':17, '.':13 ]
[1790522566] n_remain: 100
[1790522566] eval: [ '.':13 ]
[1790522566] n_past = 540
[1790522566] last: [ ' question':3405, ' unnecessarily':82374, '.':624, '   ':262, ' -':481, ' Do':3155, ' not':537, ' invent':17023, ' facts':13064, '.':624, '   ':262, ' -':481, ' If':1416, ' you':498, ' are':525, ' unsure':42903, ' about':911, ' something':2494, ',':11, ' say':1977, ' so':773, '.':624, '    ':257, '<|im_start|>':151644, 'user':872, '':198, 'lock':1023, ' my':847, ' computer':6366, '':198, '<|im_end|>':151645, '':198, '<|im_start|>':151644, 'assistant':77091, '':198, 'I':40, ' understand':3535, ' that':429, ' you':498, ' are':525, ' trying':4460, ' to':311, ' lock':5296, ' the':279, ' computer':6366, '.':13, ' To':2014, ' do':653, ' this':419, ',':11, ' follow':1795, ' these':1493, ' steps':7354, ':':1447, '1':16, '.':13, ' Turn':11999, ' off':1007, ' the':279, ' computer':6366, '.':624, '2':17, '.':13, ' Find':7379 ]
[1790522566] n_remain: 99
[1790522566] eval: [ ' Find':7379 ]
[1790522566] n_past = 541
[1790522566] last: [ ' unnecessarily':82374, '.':624, '   ':262, ' -':481, ' Do':3155, ' not':537, ' invent':17023, ' facts':13064, '.':624, '   ':262, ' -':481, ' If':1416, ' you':498, ' are':525, ' unsure':42903, ' about':911, ' something':2494, ',':11, ' say':1977, ' so':773, '.':624, '    ':257, '<|im_start|>':151644, 'user':872, '':198, 'lock':1023, ' my':847, ' computer':6366, '':198, '<|im_end|>':151645, '':198, '<|im_start|>':151644, 'assistant':77091, '':198, 'I':40, ' understand':3535, ' that':429, ' you':498, ' are':525, ' trying':4460, ' to':311, ' lock':5296, ' the':279, ' computer':6366, '.':13, ' To':2014, ' do':653, ' this':419, ',':11, ' follow':1795, ' these':1493, ' steps':7354, ':':1447, '1':16, '.':13, ' Turn':11999, ' off':1007, ' the':279, ' computer':6366, '.':624, '2':17, '.':13, ' Find':7379, ' the':279 ]
[1790522566] n_remain: 98
[1790522566] eval: [ ' the':279 ]
[1790522566] n_past = 542
[1790522566] last: [ '.':624, '   ':262, ' -':481, ' Do':3155, ' not':537, ' invent':17023, ' facts':13064, '.':624, '   ':262, ' -':481, ' If':1416, ' you':498, ' are':525, ' unsure':42903, ' about':911, ' something':2494, ',':11, ' say':1977, ' so':773, '.':624, '    ':257, '<|im_start|>':151644, 'user':872, '':198, 'lock':1023, ' my':847, ' computer':6366, '':198, '<|im_end|>':151645, '':198, '<|im_start|>':151644, 'assistant':77091, '':198, 'I':40, ' understand':3535, ' that':429, ' you':498, ' are':525, ' trying':4460, ' to':311, ' lock':5296, ' the':279, ' computer':6366, '.':13, ' To':2014, ' do':653, ' this':419, ',':11, ' follow':1795, ' these':1493, ' steps':7354, ':':1447, '1':16, '.':13, ' Turn':11999, ' off':1007, ' the':279, ' computer':6366, '.':624, '2':17, '.':13, ' Find':7379, ' the':279, ' "':330 ]
[1790522566] n_remain: 97
[1790522566] eval: [ ' "':330 ]
[1790522567] n_past = 543
[1790522567] last: [ '   ':262, ' -':481, ' Do':3155, ' not':537, ' invent':17023, ' facts':13064, '.':624, '   ':262, ' -':481, ' If':1416, ' you':498, ' are':525, ' unsure':42903, ' about':911, ' something':2494, ',':11, ' say':1977, ' so':773, '.':624, '    ':257, '<|im_start|>':151644, 'user':872, '':198, 'lock':1023, ' my':847, ' computer':6366, '':198, '<|im_end|>':151645, '':198, '<|im_start|>':151644, 'assistant':77091, '':198, 'I':40, ' understand':3535, ' that':429, ' you':498, ' are':525, ' trying':4460, ' to':311, ' lock':5296, ' the':279, ' computer':6366, '.':13, ' To':2014, ' do':653, ' this':419, ',':11, ' follow':1795, ' these':1493, ' steps':7354, ':':1447, '1':16, '.':13, ' Turn':11999, ' off':1007, ' the':279, ' computer':6366, '.':624, '2':17, '.':13, ' Find':7379, ' the':279, ' "':330, 'Lock':11989 ]
[1790522567] n_remain: 96
[1790522567] eval: [ 'Lock':11989 ]
[1790522567] n_past = 544
[1790522567] last: [ ' -':481, ' Do':3155, ' not':537, ' invent':17023, ' facts':13064, '.':624, '   ':262, ' -':481, ' If':1416, ' you':498, ' are':525, ' unsure':42903, ' about':911, ' something':2494, ',':11, ' say':1977, ' so':773, '.':624, '    ':257, '<|im_start|>':151644, 'user':872, '':198, 'lock':1023, ' my':847, ' computer':6366, '':198, '<|im_end|>':151645, '':198, '<|im_start|>':151644, 'assistant':77091, '':198, 'I':40, ' understand':3535, ' that':429, ' you':498, ' are':525, ' trying':4460, ' to':311, ' lock':5296, ' the':279, ' computer':6366, '.':13, ' To':2014, ' do':653, ' this':419, ',':11, ' follow':1795, ' these':1493, ' steps':7354, ':':1447, '1':16, '.':13, ' Turn':11999, ' off':1007, ' the':279, ' computer':6366, '.':624, '2':17, '.':13, ' Find':7379, ' the':279, ' "':330, 'Lock':11989, ' Me':2157 ]
[1790522567] n_remain: 95
[1790522567] eval: [ ' Me':2157 ]
[1790522567] n_past = 545
[1790522567] last: [ ' Do':3155, ' not':537, ' invent':17023, ' facts':13064, '.':624, '   ':262, ' -':481, ' If':1416, ' you':498, ' are':525, ' unsure':42903, ' about':911, ' something':2494, ',':11, ' say':1977, ' so':773, '.':624, '    ':257, '<|im_start|>':151644, 'user':872, '':198, 'lock':1023, ' my':847, ' computer':6366, '':198, '<|im_end|>':151645, '':198, '<|im_start|>':151644, 'assistant':77091, '':198, 'I':40, ' understand':3535, ' that':429, ' you':498, ' are':525, ' trying':4460, ' to':311, ' lock':5296, ' the':279, ' computer':6366, '.':13, ' To':2014, ' do':653, ' this':419, ',':11, ' follow':1795, ' these':1493, ' steps':7354, ':':1447, '1':16, '.':13, ' Turn':11999, ' off':1007, ' the':279, ' computer':6366, '.':624, '2':17, '.':13, ' Find':7379, ' the':279, ' "':330, 'Lock':11989, ' Me':2157, '"':1 ]
[1790522567] n_remain: 94
[1790522567] eval: [ '"':1 ]
[1790522567] n_past = 546
[1790522567] last: [ ' not':537, ' invent':17023, ' facts':13064, '.':624, '   ':262, ' -':481, ' If':1416, ' you':498, ' are':525, ' unsure':42903, ' about':911, ' something':2494, ',':11, ' say':1977, ' so':773, '.':624, '    ':257, '<|im_start|>':151644, 'user':872, '':198, 'lock':1023, ' my':847, ' computer':6366, '':198, '<|im_end|>':151645, '':198, '<|im_start|>':151644, 'assistant':77091, '':198, 'I':40, ' understand':3535, ' that':429, ' you':498, ' are':525, ' trying':4460, ' to':311, ' lock':5296, ' the':279, ' computer':6366, '.':13, ' To':2014, ' do':653, ' this':419, ',':11, ' follow':1795, ' these':1493, ' steps':7354, ':':1447, '1':16, '.':13, ' Turn':11999, ' off':1007, ' the':279, ' computer':6366, '.':624, '2':17, '.':13, ' Find':7379, ' the':279, ' "':330, 'Lock':11989, ' Me':2157, '"':1, ' icon':4603 ]
[1790522567] n_remain: 93
[1790522567] eval: [ ' icon':4603 ]
[1790522567] n_past = 547
[1790522567] last: [ ' invent':17023, ' facts':13064, '.':624, '   ':262, ' -':481, ' If':1416, ' you':498, ' are':525, ' unsure':42903, ' about':911, ' something':2494, ',':11, ' say':1977, ' so':773, '.':624, '    ':257, '<|im_start|>':151644, 'user':872, '':198, 'lock':1023, ' my':847, ' computer':6366, '':198, '<|im_end|>':151645, '':198, '<|im_start|>':151644, 'assistant':77091, '':198, 'I':40, ' understand':3535, ' that':429, ' you':498, ' are':525, ' trying':4460, ' to':311, ' lock':5296, ' the':279, ' computer':6366, '.':13, ' To':2014, ' do':653, ' this':419, ',':11, ' follow':1795, ' these':1493, ' steps':7354, ':':1447, '1':16, '.':13, ' Turn':11999, ' off':1007, ' the':279, ' computer':6366, '.':624, '2':17, '.':13, ' Find':7379, ' the':279, ' "':330, 'Lock':11989, ' Me':2157, '"':1, ' icon':4603, ' in':304 ]
[1790522567] n_remain: 92
[1790522567] eval: [ ' in':304 ]
[1790522568] n_past = 548
[1790522568] last: [ ' facts':13064, '.':624, '   ':262, ' -':481, ' If':1416, ' you':498, ' are':525, ' unsure':42903, ' about':911, ' something':2494, ',':11, ' say':1977, ' so':773, '.':624, '    ':257, '<|im_start|>':151644, 'user':872, '':198, 'lock':1023, ' my':847, ' computer':6366, '':198, '<|im_end|>':151645, '':198, '<|im_start|>':151644, 'assistant':77091, '':198, 'I':40, ' understand':3535, ' that':429, ' you':498, ' are':525, ' trying':4460, ' to':311, ' lock':5296, ' the':279, ' computer':6366, '.':13, ' To':2014, ' do':653, ' this':419, ',':11, ' follow':1795, ' these':1493, ' steps':7354, ':':1447, '1':16, '.':13, ' Turn':11999, ' off':1007, ' the':279, ' computer':6366, '.':624, '2':17, '.':13, ' Find':7379, ' the':279, ' "':330, 'Lock':11989, ' Me':2157, '"':1, ' icon':4603, ' in':304, ' the':279 ]
[1790522568] n_remain: 91
[1790522568] eval: [ ' the':279 ]
[1790522568] n_past = 549
[1790522568] last: [ '.':624, '   ':262, ' -':481, ' If':1416, ' you':498, ' are':525, ' unsure':42903, ' about':911, ' something':2494, ',':11, ' say':1977, ' so':773, '.':624, '    ':257, '<|im_start|>':151644, 'user':872, '':198, 'lock':1023, ' my':847, ' computer':6366, '':198, '<|im_end|>':151645, '':198, '<|im_start|>':151644, 'assistant':77091, '':198, 'I':40, ' understand':3535, ' that':429, ' you':498, ' are':525, ' trying':4460, ' to':311, ' lock':5296, ' the':279, ' computer':6366, '.':13, ' To':2014, ' do':653, ' this':419, ',':11, ' follow':1795, ' these':1493, ' steps':7354, ':':1447, '1':16, '.':13, ' Turn':11999, ' off':1007, ' the':279, ' computer':6366, '.':624, '2':17, '.':13, ' Find':7379, ' the':279, ' "':330, 'Lock':11989, ' Me':2157, '"':1, ' icon':4603, ' in':304, ' the':279, ' system':1849 ]
[1790522568] n_remain: 90
[1790522568] eval: [ ' system':1849 ]
[1790522568] n_past = 550
[1790522568] last: [ '   ':262, ' -':481, ' If':1416, ' you':498, ' are':525, ' unsure':42903, ' about':911, ' something':2494, ',':11, ' say':1977, ' so':773, '.':624, '    ':257, '<|im_start|>':151644, 'user':872, '':198, 'lock':1023, ' my':847, ' computer':6366, '':198, '<|im_end|>':151645, '':198, '<|im_start|>':151644, 'assistant':77091, '':198, 'I':40, ' understand':3535, ' that':429, ' you':498, ' are':525, ' trying':4460, ' to':311, ' lock':5296, ' the':279, ' computer':6366, '.':13, ' To':2014, ' do':653, ' this':419, ',':11, ' follow':1795, ' these':1493, ' steps':7354, ':':1447, '1':16, '.':13, ' Turn':11999, ' off':1007, ' the':279, ' computer':6366, '.':624, '2':17, '.':13, ' Find':7379, ' the':279, ' "':330, 'Lock':11989, ' Me':2157, '"':1, ' icon':4603, ' in':304, ' the':279, ' system':1849, ' tray':34688 ]
[1790522568] n_remain: 89
[1790522568] eval: [ ' tray':34688 ]
[1790522568] n_past = 551
[1790522568] last: [ ' -':481, ' If':1416, ' you':498, ' are':525, ' unsure':42903, ' about':911, ' something':2494, ',':11, ' say':1977, ' so':773, '.':624, '    ':257, '<|im_start|>':151644, 'user':872, '':198, 'lock':1023, ' my':847, ' computer':6366, '':198, '<|im_end|>':151645, '':198, '<|im_start|>':151644, 'assistant':77091, '':198, 'I':40, ' understand':3535, ' that':429, ' you':498, ' are':525, ' trying':4460, ' to':311, ' lock':5296, ' the':279, ' computer':6366, '.':13, ' To':2014, ' do':653, ' this':419, ',':11, ' follow':1795, ' these':1493, ' steps':7354, ':':1447, '1':16, '.':13, ' Turn':11999, ' off':1007, ' the':279, ' computer':6366, '.':624, '2':17, '.':13, ' Find':7379, ' the':279, ' "':330, 'Lock':11989, ' Me':2157, '"':1, ' icon':4603, ' in':304, ' the':279, ' system':1849, ' tray':34688, '.':624 ]
[1790522568] n_remain: 88
[1790522568] eval: [ '.':624 ]
[1790522568] n_past = 552
[1790522568] last: [ ' If':1416, ' you':498, ' are':525, ' unsure':42903, ' about':911, ' something':2494, ',':11, ' say':1977, ' so':773, '.':624, '    ':257, '<|im_start|>':151644, 'user':872, '':198, 'lock':1023, ' my':847, ' computer':6366, '':198, '<|im_end|>':151645, '':198, '<|im_start|>':151644, 'assistant':77091, '':198, 'I':40, ' understand':3535, ' that':429, ' you':498, ' are':525, ' trying':4460, ' to':311, ' lock':5296, ' the':279, ' computer':6366, '.':13, ' To':2014, ' do':653, ' this':419, ',':11, ' follow':1795, ' these':1493, ' steps':7354, ':':1447, '1':16, '.':13, ' Turn':11999, ' off':1007, ' the':279, ' computer':6366, '.':624, '2':17, '.':13, ' Find':7379, ' the':279, ' "':330, 'Lock':11989, ' Me':2157, '"':1, ' icon':4603, ' in':304, ' the':279, ' system':1849, ' tray':34688, '.':624, '3':18 ]
[1790522568] n_remain: 87
[1790522568] eval: [ '3':18 ]
[1790522568] n_past = 553
[1790522568] last: [ ' you':498, ' are':525, ' unsure':42903, ' about':911, ' something':2494, ',':11, ' say':1977, ' so':773, '.':624, '    ':257, '<|im_start|>':151644, 'user':872, '':198, 'lock':1023, ' my':847, ' computer':6366, '':198, '<|im_end|>':151645, '':198, '<|im_start|>':151644, 'assistant':77091, '':198, 'I':40, ' understand':3535, ' that':429, ' you':498, ' are':525, ' trying':4460, ' to':311, ' lock':5296, ' the':279, ' computer':6366, '.':13, ' To':2014, ' do':653, ' this':419, ',':11, ' follow':1795, ' these':1493, ' steps':7354, ':':1447, '1':16, '.':13, ' Turn':11999, ' off':1007, ' the':279, ' computer':6366, '.':624, '2':17, '.':13, ' Find':7379, ' the':279, ' "':330, 'Lock':11989, ' Me':2157, '"':1, ' icon':4603, ' in':304, ' the':279, ' system':1849, ' tray':34688, '.':624, '3':18, '.':13 ]
[1790522568] n_remain: 86
[1790522568] eval: [ '.':13 ]
[1790522568] n_past = 554
[1790522568] last: [ ' are':525, ' unsure':42903, ' about':911, ' something':2494, ',':11, ' say':1977, ' so':773, '.':624, '    ':257, '<|im_start|>':151644, 'user':872, '':198, 'lock':1023, ' my':847, ' computer':6366, '':198, '<|im_end|>':151645, '':198, '<|im_start|>':151644, 'assistant':77091, '':198, 'I':40, ' understand':3535, ' that':429, ' you':498, ' are':525, ' trying':4460, ' to':311, ' lock':5296, ' the':279, ' computer':6366, '.':13, ' To':2014, ' do':653, ' this':419, ',':11, ' follow':1795, ' these':1493, ' steps':7354, ':':1447, '1':16, '.':13, ' Turn':11999, ' off':1007, ' the':279, ' computer':6366, '.':624, '2':17, '.':13, ' Find':7379, ' the':279, ' "':330, 'Lock':11989, ' Me':2157, '"':1, ' icon':4603, ' in':304, ' the':279, ' system':1849, ' tray':34688, '.':624, '3':18, '.':13, ' Click':9189 ]
[1790522568] n_remain: 85
[1790522568] eval: [ ' Click':9189 ]
[1790522568] n_past = 555
[1790522568] last: [ ' unsure':42903, ' about':911, ' something':2494, ',':11, ' say':1977, ' so':773, '.':624, '    ':257, '<|im_start|>':151644, 'user':872, '':198, 'lock':1023, ' my':847, ' computer':6366, '':198, '<|im_end|>':151645, '':198, '<|im_start|>':151644, 'assistant':77091, '':198, 'I':40, ' understand':3535, ' that':429, ' you':498, ' are':525, ' trying':4460, ' to':311, ' lock':5296, ' the':279, ' computer':6366, '.':13, ' To':2014, ' do':653, ' this':419, ',':11, ' follow':1795, ' these':1493, ' steps':7354, ':':1447, '1':16, '.':13, ' Turn':11999, ' off':1007, ' the':279, ' computer':6366, '.':624, '2':17, '.':13, ' Find':7379, ' the':279, ' "':330, 'Lock':11989, ' Me':2157, '"':1, ' icon':4603, ' in':304, ' the':279, ' system':1849, ' tray':34688, '.':624, '3':18, '.':13, ' Click':9189, ' on':389 ]
[1790522568] n_remain: 84
[1790522568] eval: [ ' on':389 ]
[1790522568] n_past = 556
[1790522568] last: [ ' about':911, ' something':2494, ',':11, ' say':1977, ' so':773, '.':624, '    ':257, '<|im_start|>':151644, 'user':872, '':198, 'lock':1023, ' my':847, ' computer':6366, '':198, '<|im_end|>':151645, '':198, '<|im_start|>':151644, 'assistant':77091, '':198, 'I':40, ' understand':3535, ' that':429, ' you':498, ' are':525, ' trying':4460, ' to':311, ' lock':5296, ' the':279, ' computer':6366, '.':13, ' To':2014, ' do':653, ' this':419, ',':11, ' follow':1795, ' these':1493, ' steps':7354, ':':1447, '1':16, '.':13, ' Turn':11999, ' off':1007, ' the':279, ' computer':6366, '.':624, '2':17, '.':13, ' Find':7379, ' the':279, ' "':330, 'Lock':11989, ' Me':2157, '"':1, ' icon':4603, ' in':304, ' the':279, ' system':1849, ' tray':34688, '.':624, '3':18, '.':13, ' Click':9189, ' on':389, ' the':279 ]
[1790522568] n_remain: 83
[1790522568] eval: [ ' the':279 ]
[1790522568] n_past = 557
[1790522568] last: [ ' something':2494, ',':11, ' say':1977, ' so':773, '.':624, '    ':257, '<|im_start|>':151644, 'user':872, '':198, 'lock':1023, ' my':847, ' computer':6366, '':198, '<|im_end|>':151645, '':198, '<|im_start|>':151644, 'assistant':77091, '':198, 'I':40, ' understand':3535, ' that':429, ' you':498, ' are':525, ' trying':4460, ' to':311, ' lock':5296, ' the':279, ' computer':6366, '.':13, ' To':2014, ' do':653, ' this':419, ',':11, ' follow':1795, ' these':1493, ' steps':7354, ':':1447, '1':16, '.':13, ' Turn':11999, ' off':1007, ' the':279, ' computer':6366, '.':624, '2':17, '.':13, ' Find':7379, ' the':279, ' "':330, 'Lock':11989, ' Me':2157, '"':1, ' icon':4603, ' in':304, ' the':279, ' system':1849, ' tray':34688, '.':624, '3':18, '.':13, ' Click':9189, ' on':389, ' the':279, ' lock':5296 ]
[1790522568] n_remain: 82
[1790522568] eval: [ ' lock':5296 ]
[1790522568] n_past = 558
[1790522568] last: [ ',':11, ' say':1977, ' so':773, '.':624, '    ':257, '<|im_start|>':151644, 'user':872, '':198, 'lock':1023, ' my':847, ' computer':6366, '':198, '<|im_end|>':151645, '':198, '<|im_start|>':151644, 'assistant':77091, '':198, 'I':40, ' understand':3535, ' that':429, ' you':498, ' are':525, ' trying':4460, ' to':311, ' lock':5296, ' the':279, ' computer':6366, '.':13, ' To':2014, ' do':653, ' this':419, ',':11, ' follow':1795, ' these':1493, ' steps':7354, ':':1447, '1':16, '.':13, ' Turn':11999, ' off':1007, ' the':279, ' computer':6366, '.':624, '2':17, '.':13, ' Find':7379, ' the':279, ' "':330, 'Lock':11989, ' Me':2157, '"':1, ' icon':4603, ' in':304, ' the':279, ' system':1849, ' tray':34688, '.':624, '3':18, '.':13, ' Click':9189, ' on':389, ' the':279, ' lock':5296, ' icon':4603 ]
[1790522568] n_remain: 81
[1790522568] eval: [ ' icon':4603 ]
[1790522568] n_past = 559
[1790522568] last: [ ' say':1977, ' so':773, '.':624, '    ':257, '<|im_start|>':151644, 'user':872, '':198, 'lock':1023, ' my':847, ' computer':6366, '':198, '<|im_end|>':151645, '':198, '<|im_start|>':151644, 'assistant':77091, '':198, 'I':40, ' understand':3535, ' that':429, ' you':498, ' are':525, ' trying':4460, ' to':311, ' lock':5296, ' the':279, ' computer':6366, '.':13, ' To':2014, ' do':653, ' this':419, ',':11, ' follow':1795, ' these':1493, ' steps':7354, ':':1447, '1':16, '.':13, ' Turn':11999, ' off':1007, ' the':279, ' computer':6366, '.':624, '2':17, '.':13, ' Find':7379, ' the':279, ' "':330, 'Lock':11989, ' Me':2157, '"':1, ' icon':4603, ' in':304, ' the':279, ' system':1849, ' tray':34688, '.':624, '3':18, '.':13, ' Click':9189, ' on':389, ' the':279, ' lock':5296, ' icon':4603, '.':624 ]
[1790522568] n_remain: 80
[1790522568] eval: [ '.':624 ]
[1790522568] n_past = 560
[1790522568] last: [ ' so':773, '.':624, '    ':257, '<|im_start|>':151644, 'user':872, '':198, 'lock':1023, ' my':847, ' computer':6366, '':198, '<|im_end|>':151645, '':198, '<|im_start|>':151644, 'assistant':77091, '':198, 'I':40, ' understand':3535, ' that':429, ' you':498, ' are':525, ' trying':4460, ' to':311, ' lock':5296, ' the':279, ' computer':6366, '.':13, ' To':2014, ' do':653, ' this':419, ',':11, ' follow':1795, ' these':1493, ' steps':7354, ':':1447, '1':16, '.':13, ' Turn':11999, ' off':1007, ' the':279, ' computer':6366, '.':624, '2':17, '.':13, ' Find':7379, ' the':279, ' "':330, 'Lock':11989, ' Me':2157, '"':1, ' icon':4603, ' in':304, ' the':279, ' system':1849, ' tray':34688, '.':624, '3':18, '.':13, ' Click':9189, ' on':389, ' the':279, ' lock':5296, ' icon':4603, '.':624, '4':19 ]
[1790522568] n_remain: 79
[1790522568] eval: [ '4':19 ]
[1790522568] n_past = 561
[1790522568] last: [ '.':624, '    ':257, '<|im_start|>':151644, 'user':872, '':198, 'lock':1023, ' my':847, ' computer':6366, '':198, '<|im_end|>':151645, '':198, '<|im_start|>':151644, 'assistant':77091, '':198, 'I':40, ' understand':3535, ' that':429, ' you':498, ' are':525, ' trying':4460, ' to':311, ' lock':5296, ' the':279, ' computer':6366, '.':13, ' To':2014, ' do':653, ' this':419, ',':11, ' follow':1795, ' these':1493, ' steps':7354, ':':1447, '1':16, '.':13, ' Turn':11999, ' off':1007, ' the':279, ' computer':6366, '.':624, '2':17, '.':13, ' Find':7379, ' the':279, ' "':330, 'Lock':11989, ' Me':2157, '"':1, ' icon':4603, ' in':304, ' the':279, ' system':1849, ' tray':34688, '.':624, '3':18, '.':13, ' Click':9189, ' on':389, ' the':279, ' lock':5296, ' icon':4603, '.':624, '4':19, '.':13 ]
[1790522568] n_remain: 78
[1790522568] eval: [ '.':13 ]
[1790522568] n_past = 562
[1790522568] last: [ '    ':257, '<|im_start|>':151644, 'user':872, '':198, 'lock':1023, ' my':847, ' computer':6366, '':198, '<|im_end|>':151645, '':198, '<|im_start|>':151644, 'assistant':77091, '':198, 'I':40, ' understand':3535, ' that':429, ' you':498, ' are':525, ' trying':4460, ' to':311, ' lock':5296, ' the':279, ' computer':6366, '.':13, ' To':2014, ' do':653, ' this':419, ',':11, ' follow':1795, ' these':1493, ' steps':7354, ':':1447, '1':16, '.':13, ' Turn':11999, ' off':1007, ' the':279, ' computer':6366, '.':624, '2':17, '.':13, ' Find':7379, ' the':279, ' "':330, 'Lock':11989, ' Me':2157, '"':1, ' icon':4603, ' in':304, ' the':279, ' system':1849, ' tray':34688, '.':624, '3':18, '.':13, ' Click':9189, ' on':389, ' the':279, ' lock':5296, ' icon':4603, '.':624, '4':19, '.':13, ' It':1084 ]
[1790522568] n_remain: 77
[1790522568] eval: [ ' It':1084 ]
[1790522568] n_past = 563
[1790522568] last: [ '<|im_start|>':151644, 'user':872, '':198, 'lock':1023, ' my':847, ' computer':6366, '':198, '<|im_end|>':151645, '':198, '<|im_start|>':151644, 'assistant':77091, '':198, 'I':40, ' understand':3535, ' that':429, ' you':498, ' are':525, ' trying':4460, ' to':311, ' lock':5296, ' the':279, ' computer':6366, '.':13, ' To':2014, ' do':653, ' this':419, ',':11, ' follow':1795, ' these':1493, ' steps':7354, ':':1447, '1':16, '.':13, ' Turn':11999, ' off':1007, ' the':279, ' computer':6366, '.':624, '2':17, '.':13, ' Find':7379, ' the':279, ' "':330, 'Lock':11989, ' Me':2157, '"':1, ' icon':4603, ' in':304, ' the':279, ' system':1849, ' tray':34688, '.':624, '3':18, '.':13, ' Click':9189, ' on':389, ' the':279, ' lock':5296, ' icon':4603, '.':624, '4':19, '.':13, ' It':1084, ' will':686 ]
[1790522568] n_remain: 76
[1790522568] eval: [ ' will':686 ]
[1790522568] n_past = 564
[1790522568] last: [ 'user':872, '':198, 'lock':1023, ' my':847, ' computer':6366, '':198, '<|im_end|>':151645, '':198, '<|im_start|>':151644, 'assistant':77091, '':198, 'I':40, ' understand':3535, ' that':429, ' you':498, ' are':525, ' trying':4460, ' to':311, ' lock':5296, ' the':279, ' computer':6366, '.':13, ' To':2014, ' do':653, ' this':419, ',':11, ' follow':1795, ' these':1493, ' steps':7354, ':':1447, '1':16, '.':13, ' Turn':11999, ' off':1007, ' the':279, ' computer':6366, '.':624, '2':17, '.':13, ' Find':7379, ' the':279, ' "':330, 'Lock':11989, ' Me':2157, '"':1, ' icon':4603, ' in':304, ' the':279, ' system':1849, ' tray':34688, '.':624, '3':18, '.':13, ' Click':9189, ' on':389, ' the':279, ' lock':5296, ' icon':4603, '.':624, '4':19, '.':13, ' It':1084, ' will':686, ' ask':2548 ]
[1790522568] n_remain: 75
[1790522568] eval: [ ' ask':2548 ]
[1790522568] n_past = 565
[1790522568] last: [ '':198, 'lock':1023, ' my':847, ' computer':6366, '':198, '<|im_end|>':151645, '':198, '<|im_start|>':151644, 'assistant':77091, '':198, 'I':40, ' understand':3535, ' that':429, ' you':498, ' are':525, ' trying':4460, ' to':311, ' lock':5296, ' the':279, ' computer':6366, '.':13, ' To':2014, ' do':653, ' this':419, ',':11, ' follow':1795, ' these':1493, ' steps':7354, ':':1447, '1':16, '.':13, ' Turn':11999, ' off':1007, ' the':279, ' computer':6366, '.':624, '2':17, '.':13, ' Find':7379, ' the':279, ' "':330, 'Lock':11989, ' Me':2157, '"':1, ' icon':4603, ' in':304, ' the':279, ' system':1849, ' tray':34688, '.':624, '3':18, '.':13, ' Click':9189, ' on':389, ' the':279, ' lock':5296, ' icon':4603, '.':624, '4':19, '.':13, ' It':1084, ' will':686, ' ask':2548, ' you':498 ]
[1790522568] n_remain: 74
[1790522568] eval: [ ' you':498 ]
[1790522568] n_past = 566
[1790522568] last: [ 'lock':1023, ' my':847, ' computer':6366, '':198, '<|im_end|>':151645, '':198, '<|im_start|>':151644, 'assistant':77091, '':198, 'I':40, ' understand':3535, ' that':429, ' you':498, ' are':525, ' trying':4460, ' to':311, ' lock':5296, ' the':279, ' computer':6366, '.':13, ' To':2014, ' do':653, ' this':419, ',':11, ' follow':1795, ' these':1493, ' steps':7354, ':':1447, '1':16, '.':13, ' Turn':11999, ' off':1007, ' the':279, ' computer':6366, '.':624, '2':17, '.':13, ' Find':7379, ' the':279, ' "':330, 'Lock':11989, ' Me':2157, '"':1, ' icon':4603, ' in':304, ' the':279, ' system':1849, ' tray':34688, '.':624, '3':18, '.':13, ' Click':9189, ' on':389, ' the':279, ' lock':5296, ' icon':4603, '.':624, '4':19, '.':13, ' It':1084, ' will':686, ' ask':2548, ' you':498, ' to':311 ]
[1790522568] n_remain: 73
[1790522568] eval: [ ' to':311 ]
[1790522568] n_past = 567
[1790522568] last: [ ' my':847, ' computer':6366, '':198, '<|im_end|>':151645, '':198, '<|im_start|>':151644, 'assistant':77091, '':198, 'I':40, ' understand':3535, ' that':429, ' you':498, ' are':525, ' trying':4460, ' to':311, ' lock':5296, ' the':279, ' computer':6366, '.':13, ' To':2014, ' do':653, ' this':419, ',':11, ' follow':1795, ' these':1493, ' steps':7354, ':':1447, '1':16, '.':13, ' Turn':11999, ' off':1007, ' the':279, ' computer':6366, '.':624, '2':17, '.':13, ' Find':7379, ' the':279, ' "':330, 'Lock':11989, ' Me':2157, '"':1, ' icon':4603, ' in':304, ' the':279, ' system':1849, ' tray':34688, '.':624, '3':18, '.':13, ' Click':9189, ' on':389, ' the':279, ' lock':5296, ' icon':4603, '.':624, '4':19, '.':13, ' It':1084, ' will':686, ' ask':2548, ' you':498, ' to':311, ' enter':3725 ]
[1790522568] n_remain: 72
[1790522568] eval: [ ' enter':3725 ]
[1790522568] n_past = 568
[1790522568] last: [ ' computer':6366, '':198, '<|im_end|>':151645, '':198, '<|im_start|>':151644, 'assistant':77091, '':198, 'I':40, ' understand':3535, ' that':429, ' you':498, ' are':525, ' trying':4460, ' to':311, ' lock':5296, ' the':279, ' computer':6366, '.':13, ' To':2014, ' do':653, ' this':419, ',':11, ' follow':1795, ' these':1493, ' steps':7354, ':':1447, '1':16, '.':13, ' Turn':11999, ' off':1007, ' the':279, ' computer':6366, '.':624, '2':17, '.':13, ' Find':7379, ' the':279, ' "':330, 'Lock':11989, ' Me':2157, '"':1, ' icon':4603, ' in':304, ' the':279, ' system':1849, ' tray':34688, '.':624, '3':18, '.':13, ' Click':9189, ' on':389, ' the':279, ' lock':5296, ' icon':4603, '.':624, '4':19, '.':13, ' It':1084, ' will':686, ' ask':2548, ' you':498, ' to':311, ' enter':3725, ' your':697 ]
[1790522568] n_remain: 71
[1790522568] eval: [ ' your':697 ]
[1790522568] n_past = 569
[1790522568] last: [ '':198, '<|im_end|>':151645, '':198, '<|im_start|>':151644, 'assistant':77091, '':198, 'I':40, ' understand':3535, ' that':429, ' you':498, ' are':525, ' trying':4460, ' to':311, ' lock':5296, ' the':279, ' computer':6366, '.':13, ' To':2014, ' do':653, ' this':419, ',':11, ' follow':1795, ' these':1493, ' steps':7354, ':':1447, '1':16, '.':13, ' Turn':11999, ' off':1007, ' the':279, ' computer':6366, '.':624, '2':17, '.':13, ' Find':7379, ' the':279, ' "':330, 'Lock':11989, ' Me':2157, '"':1, ' icon':4603, ' in':304, ' the':279, ' system':1849, ' tray':34688, '.':624, '3':18, '.':13, ' Click':9189, ' on':389, ' the':279, ' lock':5296, ' icon':4603, '.':624, '4':19, '.':13, ' It':1084, ' will':686, ' ask':2548, ' you':498, ' to':311, ' enter':3725, ' your':697, ' password':3552 ]
[1790522568] n_remain: 70
[1790522568] eval: [ ' password':3552 ]
[1790522568] n_past = 570
[1790522568] last: [ '<|im_end|>':151645, '':198, '<|im_start|>':151644, 'assistant':77091, '':198, 'I':40, ' understand':3535, ' that':429, ' you':498, ' are':525, ' trying':4460, ' to':311, ' lock':5296, ' the':279, ' computer':6366, '.':13, ' To':2014, ' do':653, ' this':419, ',':11, ' follow':1795, ' these':1493, ' steps':7354, ':':1447, '1':16, '.':13, ' Turn':11999, ' off':1007, ' the':279, ' computer':6366, '.':624, '2':17, '.':13, ' Find':7379, ' the':279, ' "':330, 'Lock':11989, ' Me':2157, '"':1, ' icon':4603, ' in':304, ' the':279, ' system':1849, ' tray':34688, '.':624, '3':18, '.':13, ' Click':9189, ' on':389, ' the':279, ' lock':5296, ' icon':4603, '.':624, '4':19, '.':13, ' It':1084, ' will':686, ' ask':2548, ' you':498, ' to':311, ' enter':3725, ' your':697, ' password':3552, ',':11 ]
[1790522568] n_remain: 69
[1790522568] eval: [ ',':11 ]
[1790522568] n_past = 571
[1790522568] last: [ '':198, '<|im_start|>':151644, 'assistant':77091, '':198, 'I':40, ' understand':3535, ' that':429, ' you':498, ' are':525, ' trying':4460, ' to':311, ' lock':5296, ' the':279, ' computer':6366, '.':13, ' To':2014, ' do':653, ' this':419, ',':11, ' follow':1795, ' these':1493, ' steps':7354, ':':1447, '1':16, '.':13, ' Turn':11999, ' off':1007, ' the':279, ' computer':6366, '.':624, '2':17, '.':13, ' Find':7379, ' the':279, ' "':330, 'Lock':11989, ' Me':2157, '"':1, ' icon':4603, ' in':304, ' the':279, ' system':1849, ' tray':34688, '.':624, '3':18, '.':13, ' Click':9189, ' on':389, ' the':279, ' lock':5296, ' icon':4603, '.':624, '4':19, '.':13, ' It':1084, ' will':686, ' ask':2548, ' you':498, ' to':311, ' enter':3725, ' your':697, ' password':3552, ',':11, ' which':892 ]
[1790522568] n_remain: 68
[1790522568] eval: [ ' which':892 ]
[1790522568] n_past = 572
[1790522568] last: [ '<|im_start|>':151644, 'assistant':77091, '':198, 'I':40, ' understand':3535, ' that':429, ' you':498, ' are':525, ' trying':4460, ' to':311, ' lock':5296, ' the':279, ' computer':6366, '.':13, ' To':2014, ' do':653, ' this':419, ',':11, ' follow':1795, ' these':1493, ' steps':7354, ':':1447, '1':16, '.':13, ' Turn':11999, ' off':1007, ' the':279, ' computer':6366, '.':624, '2':17, '.':13, ' Find':7379, ' the':279, ' "':330, 'Lock':11989, ' Me':2157, '"':1, ' icon':4603, ' in':304, ' the':279, ' system':1849, ' tray':34688, '.':624, '3':18, '.':13, ' Click':9189, ' on':389, ' the':279, ' lock':5296, ' icon':4603, '.':624, '4':19, '.':13, ' It':1084, ' will':686, ' ask':2548, ' you':498, ' to':311, ' enter':3725, ' your':697, ' password':3552, ',':11, ' which':892, ' is':374 ]
[1790522568] n_remain: 67
[1790522568] eval: [ ' is':374 ]
[1790522568] n_past = 573
[1790522568] last: [ 'assistant':77091, '':198, 'I':40, ' understand':3535, ' that':429, ' you':498, ' are':525, ' trying':4460, ' to':311, ' lock':5296, ' the':279, ' computer':6366, '.':13, ' To':2014, ' do':653, ' this':419, ',':11, ' follow':1795, ' these':1493, ' steps':7354, ':':1447, '1':16, '.':13, ' Turn':11999, ' off':1007, ' the':279, ' computer':6366, '.':624, '2':17, '.':13, ' Find':7379, ' the':279, ' "':330, 'Lock':11989, ' Me':2157, '"':1, ' icon':4603, ' in':304, ' the':279, ' system':1849, ' tray':34688, '.':624, '3':18, '.':13, ' Click':9189, ' on':389, ' the':279, ' lock':5296, ' icon':4603, '.':624, '4':19, '.':13, ' It':1084, ' will':686, ' ask':2548, ' you':498, ' to':311, ' enter':3725, ' your':697, ' password':3552, ',':11, ' which':892, ' is':374, ' usually':5990 ]
[1790522568] n_remain: 66
[1790522568] eval: [ ' usually':5990 ]
[1790522568] n_past = 574
[1790522568] last: [ '':198, 'I':40, ' understand':3535, ' that':429, ' you':498, ' are':525, ' trying':4460, ' to':311, ' lock':5296, ' the':279, ' computer':6366, '.':13, ' To':2014, ' do':653, ' this':419, ',':11, ' follow':1795, ' these':1493, ' steps':7354, ':':1447, '1':16, '.':13, ' Turn':11999, ' off':1007, ' the':279, ' computer':6366, '.':624, '2':17, '.':13, ' Find':7379, ' the':279, ' "':330, 'Lock':11989, ' Me':2157, '"':1, ' icon':4603, ' in':304, ' the':279, ' system':1849, ' tray':34688, '.':624, '3':18, '.':13, ' Click':9189, ' on':389, ' the':279, ' lock':5296, ' icon':4603, '.':624, '4':19, '.':13, ' It':1084, ' will':686, ' ask':2548, ' you':498, ' to':311, ' enter':3725, ' your':697, ' password':3552, ',':11, ' which':892, ' is':374, ' usually':5990, ' a':264 ]
[1790522568] n_remain: 65
[1790522568] eval: [ ' a':264 ]
[1790522568] n_past = 575
[1790522568] last: [ 'I':40, ' understand':3535, ' that':429, ' you':498, ' are':525, ' trying':4460, ' to':311, ' lock':5296, ' the':279, ' computer':6366, '.':13, ' To':2014, ' do':653, ' this':419, ',':11, ' follow':1795, ' these':1493, ' steps':7354, ':':1447, '1':16, '.':13, ' Turn':11999, ' off':1007, ' the':279, ' computer':6366, '.':624, '2':17, '.':13, ' Find':7379, ' the':279, ' "':330, 'Lock':11989, ' Me':2157, '"':1, ' icon':4603, ' in':304, ' the':279, ' system':1849, ' tray':34688, '.':624, '3':18, '.':13, ' Click':9189, ' on':389, ' the':279, ' lock':5296, ' icon':4603, '.':624, '4':19, '.':13, ' It':1084, ' will':686, ' ask':2548, ' you':498, ' to':311, ' enter':3725, ' your':697, ' password':3552, ',':11, ' which':892, ' is':374, ' usually':5990, ' a':264, ' combination':10601 ]
[1790522568] n_remain: 64
[1790522568] eval: [ ' combination':10601 ]
[1790522568] n_past = 576
[1790522568] last: [ ' understand':3535, ' that':429, ' you':498, ' are':525, ' trying':4460, ' to':311, ' lock':5296, ' the':279, ' computer':6366, '.':13, ' To':2014, ' do':653, ' this':419, ',':11, ' follow':1795, ' these':1493, ' steps':7354, ':':1447, '1':16, '.':13, ' Turn':11999, ' off':1007, ' the':279, ' computer':6366, '.':624, '2':17, '.':13, ' Find':7379, ' the':279, ' "':330, 'Lock':11989, ' Me':2157, '"':1, ' icon':4603, ' in':304, ' the':279, ' system':1849, ' tray':34688, '.':624, '3':18, '.':13, ' Click':9189, ' on':389, ' the':279, ' lock':5296, ' icon':4603, '.':624, '4':19, '.':13, ' It':1084, ' will':686, ' ask':2548, ' you':498, ' to':311, ' enter':3725, ' your':697, ' password':3552, ',':11, ' which':892, ' is':374, ' usually':5990, ' a':264, ' combination':10601, ' of':315 ]
[1790522568] n_remain: 63
[1790522568] eval: [ ' of':315 ]
[1790522569] n_past = 577
[1790522569] last: [ ' that':429, ' you':498, ' are':525, ' trying':4460, ' to':311, ' lock':5296, ' the':279, ' computer':6366, '.':13, ' To':2014, ' do':653, ' this':419, ',':11, ' follow':1795, ' these':1493, ' steps':7354, ':':1447, '1':16, '.':13, ' Turn':11999, ' off':1007, ' the':279, ' computer':6366, '.':624, '2':17, '.':13, ' Find':7379, ' the':279, ' "':330, 'Lock':11989, ' Me':2157, '"':1, ' icon':4603, ' in':304, ' the':279, ' system':1849, ' tray':34688, '.':624, '3':18, '.':13, ' Click':9189, ' on':389, ' the':279, ' lock':5296, ' icon':4603, '.':624, '4':19, '.':13, ' It':1084, ' will':686, ' ask':2548, ' you':498, ' to':311, ' enter':3725, ' your':697, ' password':3552, ',':11, ' which':892, ' is':374, ' usually':5990, ' a':264, ' combination':10601, ' of':315, ' your':697 ]
[1790522569] n_remain: 62
[1790522569] eval: [ ' your':697 ]
[1790522569] n_past = 578
[1790522569] last: [ ' you':498, ' are':525, ' trying':4460, ' to':311, ' lock':5296, ' the':279, ' computer':6366, '.':13, ' To':2014, ' do':653, ' this':419, ',':11, ' follow':1795, ' these':1493, ' steps':7354, ':':1447, '1':16, '.':13, ' Turn':11999, ' off':1007, ' the':279, ' computer':6366, '.':624, '2':17, '.':13, ' Find':7379, ' the':279, ' "':330, 'Lock':11989, ' Me':2157, '"':1, ' icon':4603, ' in':304, ' the':279, ' system':1849, ' tray':34688, '.':624, '3':18, '.':13, ' Click':9189, ' on':389, ' the':279, ' lock':5296, ' icon':4603, '.':624, '4':19, '.':13, ' It':1084, ' will':686, ' ask':2548, ' you':498, ' to':311, ' enter':3725, ' your':697, ' password':3552, ',':11, ' which':892, ' is':374, ' usually':5990, ' a':264, ' combination':10601, ' of':315, ' your':697, ' username':5934 ]
[1790522569] n_remain: 61
[1790522569] eval: [ ' username':5934 ]
[1790522569] n_past = 579
[1790522569] last: [ ' are':525, ' trying':4460, ' to':311, ' lock':5296, ' the':279, ' computer':6366, '.':13, ' To':2014, ' do':653, ' this':419, ',':11, ' follow':1795, ' these':1493, ' steps':7354, ':':1447, '1':16, '.':13, ' Turn':11999, ' off':1007, ' the':279, ' computer':6366, '.':624, '2':17, '.':13, ' Find':7379, ' the':279, ' "':330, 'Lock':11989, ' Me':2157, '"':1, ' icon':4603, ' in':304, ' the':279, ' system':1849, ' tray':34688, '.':624, '3':18, '.':13, ' Click':9189, ' on':389, ' the':279, ' lock':5296, ' icon':4603, '.':624, '4':19, '.':13, ' It':1084, ' will':686, ' ask':2548, ' you':498, ' to':311, ' enter':3725, ' your':697, ' password':3552, ',':11, ' which':892, ' is':374, ' usually':5990, ' a':264, ' combination':10601, ' of':315, ' your':697, ' username':5934, ' and':323 ]
[1790522569] n_remain: 60
[1790522569] eval: [ ' and':323 ]
[1790522569] n_past = 580
[1790522569] last: [ ' trying':4460, ' to':311, ' lock':5296, ' the':279, ' computer':6366, '.':13, ' To':2014, ' do':653, ' this':419, ',':11, ' follow':1795, ' these':1493, ' steps':7354, ':':1447, '1':16, '.':13, ' Turn':11999, ' off':1007, ' the':279, ' computer':6366, '.':624, '2':17, '.':13, ' Find':7379, ' the':279, ' "':330, 'Lock':11989, ' Me':2157, '"':1, ' icon':4603, ' in':304, ' the':279, ' system':1849, ' tray':34688, '.':624, '3':18, '.':13, ' Click':9189, ' on':389, ' the':279, ' lock':5296, ' icon':4603, '.':624, '4':19, '.':13, ' It':1084, ' will':686, ' ask':2548, ' you':498, ' to':311, ' enter':3725, ' your':697, ' password':3552, ',':11, ' which':892, ' is':374, ' usually':5990, ' a':264, ' combination':10601, ' of':315, ' your':697, ' username':5934, ' and':323, ' a':264 ]
[1790522569] n_remain: 59
[1790522569] eval: [ ' a':264 ]
[1790522569] n_past = 581
[1790522569] last: [ ' to':311, ' lock':5296, ' the':279, ' computer':6366, '.':13, ' To':2014, ' do':653, ' this':419, ',':11, ' follow':1795, ' these':1493, ' steps':7354, ':':1447, '1':16, '.':13, ' Turn':11999, ' off':1007, ' the':279, ' computer':6366, '.':624, '2':17, '.':13, ' Find':7379, ' the':279, ' "':330, 'Lock':11989, ' Me':2157, '"':1, ' icon':4603, ' in':304, ' the':279, ' system':1849, ' tray':34688, '.':624, '3':18, '.':13, ' Click':9189, ' on':389, ' the':279, ' lock':5296, ' icon':4603, '.':624, '4':19, '.':13, ' It':1084, ' will':686, ' ask':2548, ' you':498, ' to':311, ' enter':3725, ' your':697, ' password':3552, ',':11, ' which':892, ' is':374, ' usually':5990, ' a':264, ' combination':10601, ' of':315, ' your':697, ' username':5934, ' and':323, ' a':264, ' number':1372 ]
[1790522569] n_remain: 58
[1790522569] eval: [ ' number':1372 ]
[1790522569] n_past = 582
[1790522569] last: [ ' lock':5296, ' the':279, ' computer':6366, '.':13, ' To':2014, ' do':653, ' this':419, ',':11, ' follow':1795, ' these':1493, ' steps':7354, ':':1447, '1':16, '.':13, ' Turn':11999, ' off':1007, ' the':279, ' computer':6366, '.':624, '2':17, '.':13, ' Find':7379, ' the':279, ' "':330, 'Lock':11989, ' Me':2157, '"':1, ' icon':4603, ' in':304, ' the':279, ' system':1849, ' tray':34688, '.':624, '3':18, '.':13, ' Click':9189, ' on':389, ' the':279, ' lock':5296, ' icon':4603, '.':624, '4':19, '.':13, ' It':1084, ' will':686, ' ask':2548, ' you':498, ' to':311, ' enter':3725, ' your':697, ' password':3552, ',':11, ' which':892, ' is':374, ' usually':5990, ' a':264, ' combination':10601, ' of':315, ' your':697, ' username':5934, ' and':323, ' a':264, ' number':1372, '.':624 ]
[1790522569] n_remain: 57
[1790522569] eval: [ '.':624 ]
[1790522569] n_past = 583
[1790522569] last: [ ' the':279, ' computer':6366, '.':13, ' To':2014, ' do':653, ' this':419, ',':11, ' follow':1795, ' these':1493, ' steps':7354, ':':1447, '1':16, '.':13, ' Turn':11999, ' off':1007, ' the':279, ' computer':6366, '.':624, '2':17, '.':13, ' Find':7379, ' the':279, ' "':330, 'Lock':11989, ' Me':2157, '"':1, ' icon':4603, ' in':304, ' the':279, ' system':1849, ' tray':34688, '.':624, '3':18, '.':13, ' Click':9189, ' on':389, ' the':279, ' lock':5296, ' icon':4603, '.':624, '4':19, '.':13, ' It':1084, ' will':686, ' ask':2548, ' you':498, ' to':311, ' enter':3725, ' your':697, ' password':3552, ',':11, ' which':892, ' is':374, ' usually':5990, ' a':264, ' combination':10601, ' of':315, ' your':697, ' username':5934, ' and':323, ' a':264, ' number':1372, '.':624, '5':20 ]
[1790522569] n_remain: 56
[1790522569] eval: [ '5':20 ]
[1790522569] n_past = 584
[1790522569] last: [ ' computer':6366, '.':13, ' To':2014, ' do':653, ' this':419, ',':11, ' follow':1795, ' these':1493, ' steps':7354, ':':1447, '1':16, '.':13, ' Turn':11999, ' off':1007, ' the':279, ' computer':6366, '.':624, '2':17, '.':13, ' Find':7379, ' the':279, ' "':330, 'Lock':11989, ' Me':2157, '"':1, ' icon':4603, ' in':304, ' the':279, ' system':1849, ' tray':34688, '.':624, '3':18, '.':13, ' Click':9189, ' on':389, ' the':279, ' lock':5296, ' icon':4603, '.':624, '4':19, '.':13, ' It':1084, ' will':686, ' ask':2548, ' you':498, ' to':311, ' enter':3725, ' your':697, ' password':3552, ',':11, ' which':892, ' is':374, ' usually':5990, ' a':264, ' combination':10601, ' of':315, ' your':697, ' username':5934, ' and':323, ' a':264, ' number':1372, '.':624, '5':20, '.':13 ]
[1790522569] n_remain: 55
[1790522569] eval: [ '.':13 ]
[1790522569] n_past = 585
[1790522569] last: [ '.':13, ' To':2014, ' do':653, ' this':419, ',':11, ' follow':1795, ' these':1493, ' steps':7354, ':':1447, '1':16, '.':13, ' Turn':11999, ' off':1007, ' the':279, ' computer':6366, '.':624, '2':17, '.':13, ' Find':7379, ' the':279, ' "':330, 'Lock':11989, ' Me':2157, '"':1, ' icon':4603, ' in':304, ' the':279, ' system':1849, ' tray':34688, '.':624, '3':18, '.':13, ' Click':9189, ' on':389, ' the':279, ' lock':5296, ' icon':4603, '.':624, '4':19, '.':13, ' It':1084, ' will':686, ' ask':2548, ' you':498, ' to':311, ' enter':3725, ' your':697, ' password':3552, ',':11, ' which':892, ' is':374, ' usually':5990, ' a':264, ' combination':10601, ' of':315, ' your':697, ' username':5934, ' and':323, ' a':264, ' number':1372, '.':624, '5':20, '.':13, ' Enter':11252 ]
[1790522569] n_remain: 54
[1790522569] eval: [ ' Enter':11252 ]
[1790522569] n_past = 586
[1790522569] last: [ ' To':2014, ' do':653, ' this':419, ',':11, ' follow':1795, ' these':1493, ' steps':7354, ':':1447, '1':16, '.':13, ' Turn':11999, ' off':1007, ' the':279, ' computer':6366, '.':624, '2':17, '.':13, ' Find':7379, ' the':279, ' "':330, 'Lock':11989, ' Me':2157, '"':1, ' icon':4603, ' in':304, ' the':279, ' system':1849, ' tray':34688, '.':624, '3':18, '.':13, ' Click':9189, ' on':389, ' the':279, ' lock':5296, ' icon':4603, '.':624, '4':19, '.':13, ' It':1084, ' will':686, ' ask':2548, ' you':498, ' to':311, ' enter':3725, ' your':697, ' password':3552, ',':11, ' which':892, ' is':374, ' usually':5990, ' a':264, ' combination':10601, ' of':315, ' your':697, ' username':5934, ' and':323, ' a':264, ' number':1372, '.':624, '5':20, '.':13, ' Enter':11252, ' your':697 ]
[1790522569] n_remain: 53
[1790522569] eval: [ ' your':697 ]
[1790522569] n_past = 587
[1790522569] last: [ ' do':653, ' this':419, ',':11, ' follow':1795, ' these':1493, ' steps':7354, ':':1447, '1':16, '.':13, ' Turn':11999, ' off':1007, ' the':279, ' computer':6366, '.':624, '2':17, '.':13, ' Find':7379, ' the':279, ' "':330, 'Lock':11989, ' Me':2157, '"':1, ' icon':4603, ' in':304, ' the':279, ' system':1849, ' tray':34688, '.':624, '3':18, '.':13, ' Click':9189, ' on':389, ' the':279, ' lock':5296, ' icon':4603, '.':624, '4':19, '.':13, ' It':1084, ' will':686, ' ask':2548, ' you':498, ' to':311, ' enter':3725, ' your':697, ' password':3552, ',':11, ' which':892, ' is':374, ' usually':5990, ' a':264, ' combination':10601, ' of':315, ' your':697, ' username':5934, ' and':323, ' a':264, ' number':1372, '.':624, '5':20, '.':13, ' Enter':11252, ' your':697, ' password':3552 ]
[1790522569] n_remain: 52
[1790522569] eval: [ ' password':3552 ]
[1790522569] n_past = 588
[1790522569] last: [ ' this':419, ',':11, ' follow':1795, ' these':1493, ' steps':7354, ':':1447, '1':16, '.':13, ' Turn':11999, ' off':1007, ' the':279, ' computer':6366, '.':624, '2':17, '.':13, ' Find':7379, ' the':279, ' "':330, 'Lock':11989, ' Me':2157, '"':1, ' icon':4603, ' in':304, ' the':279, ' system':1849, ' tray':34688, '.':624, '3':18, '.':13, ' Click':9189, ' on':389, ' the':279, ' lock':5296, ' icon':4603, '.':624, '4':19, '.':13, ' It':1084, ' will':686, ' ask':2548, ' you':498, ' to':311, ' enter':3725, ' your':697, ' password':3552, ',':11, ' which':892, ' is':374, ' usually':5990, ' a':264, ' combination':10601, ' of':315, ' your':697, ' username':5934, ' and':323, ' a':264, ' number':1372, '.':624, '5':20, '.':13, ' Enter':11252, ' your':697, ' password':3552, '.':624 ]
[1790522569] n_remain: 51
[1790522569] eval: [ '.':624 ]
[1790522569] n_past = 589
[1790522569] last: [ ',':11, ' follow':1795, ' these':1493, ' steps':7354, ':':1447, '1':16, '.':13, ' Turn':11999, ' off':1007, ' the':279, ' computer':6366, '.':624, '2':17, '.':13, ' Find':7379, ' the':279, ' "':330, 'Lock':11989, ' Me':2157, '"':1, ' icon':4603, ' in':304, ' the':279, ' system':1849, ' tray':34688, '.':624, '3':18, '.':13, ' Click':9189, ' on':389, ' the':279, ' lock':5296, ' icon':4603, '.':624, '4':19, '.':13, ' It':1084, ' will':686, ' ask':2548, ' you':498, ' to':311, ' enter':3725, ' your':697, ' password':3552, ',':11, ' which':892, ' is':374, ' usually':5990, ' a':264, ' combination':10601, ' of':315, ' your':697, ' username':5934, ' and':323, ' a':264, ' number':1372, '.':624, '5':20, '.':13, ' Enter':11252, ' your':697, ' password':3552, '.':624, '6':21 ]
[1790522569] n_remain: 50
[1790522569] eval: [ '6':21 ]
[1790522569] n_past = 590
[1790522569] last: [ ' follow':1795, ' these':1493, ' steps':7354, ':':1447, '1':16, '.':13, ' Turn':11999, ' off':1007, ' the':279, ' computer':6366, '.':624, '2':17, '.':13, ' Find':7379, ' the':279, ' "':330, 'Lock':11989, ' Me':2157, '"':1, ' icon':4603, ' in':304, ' the':279, ' system':1849, ' tray':34688, '.':624, '3':18, '.':13, ' Click':9189, ' on':389, ' the':279, ' lock':5296, ' icon':4603, '.':624, '4':19, '.':13, ' It':1084, ' will':686, ' ask':2548, ' you':498, ' to':311, ' enter':3725, ' your':697, ' password':3552, ',':11, ' which':892, ' is':374, ' usually':5990, ' a':264, ' combination':10601, ' of':315, ' your':697, ' username':5934, ' and':323, ' a':264, ' number':1372, '.':624, '5':20, '.':13, ' Enter':11252, ' your':697, ' password':3552, '.':624, '6':21, '.':13 ]
[1790522569] n_remain: 49
[1790522569] eval: [ '.':13 ]
[1790522569] n_past = 591
[1790522569] last: [ ' these':1493, ' steps':7354, ':':1447, '1':16, '.':13, ' Turn':11999, ' off':1007, ' the':279, ' computer':6366, '.':624, '2':17, '.':13, ' Find':7379, ' the':279, ' "':330, 'Lock':11989, ' Me':2157, '"':1, ' icon':4603, ' in':304, ' the':279, ' system':1849, ' tray':34688, '.':624, '3':18, '.':13, ' Click':9189, ' on':389, ' the':279, ' lock':5296, ' icon':4603, '.':624, '4':19, '.':13, ' It':1084, ' will':686, ' ask':2548, ' you':498, ' to':311, ' enter':3725, ' your':697, ' password':3552, ',':11, ' which':892, ' is':374, ' usually':5990, ' a':264, ' combination':10601, ' of':315, ' your':697, ' username':5934, ' and':323, ' a':264, ' number':1372, '.':624, '5':20, '.':13, ' Enter':11252, ' your':697, ' password':3552, '.':624, '6':21, '.':13, ' Click':9189 ]
[1790522569] n_remain: 48
[1790522569] eval: [ ' Click':9189 ]
[1790522569] n_past = 592
[1790522569] last: [ ' steps':7354, ':':1447, '1':16, '.':13, ' Turn':11999, ' off':1007, ' the':279, ' computer':6366, '.':624, '2':17, '.':13, ' Find':7379, ' the':279, ' "':330, 'Lock':11989, ' Me':2157, '"':1, ' icon':4603, ' in':304, ' the':279, ' system':1849, ' tray':34688, '.':624, '3':18, '.':13, ' Click':9189, ' on':389, ' the':279, ' lock':5296, ' icon':4603, '.':624, '4':19, '.':13, ' It':1084, ' will':686, ' ask':2548, ' you':498, ' to':311, ' enter':3725, ' your':697, ' password':3552, ',':11, ' which':892, ' is':374, ' usually':5990, ' a':264, ' combination':10601, ' of':315, ' your':697, ' username':5934, ' and':323, ' a':264, ' number':1372, '.':624, '5':20, '.':13, ' Enter':11252, ' your':697, ' password':3552, '.':624, '6':21, '.':13, ' Click':9189, ' "':330 ]
[1790522569] n_remain: 47
[1790522569] eval: [ ' "':330 ]
[1790522569] n_past = 593
[1790522569] last: [ ':':1447, '1':16, '.':13, ' Turn':11999, ' off':1007, ' the':279, ' computer':6366, '.':624, '2':17, '.':13, ' Find':7379, ' the':279, ' "':330, 'Lock':11989, ' Me':2157, '"':1, ' icon':4603, ' in':304, ' the':279, ' system':1849, ' tray':34688, '.':624, '3':18, '.':13, ' Click':9189, ' on':389, ' the':279, ' lock':5296, ' icon':4603, '.':624, '4':19, '.':13, ' It':1084, ' will':686, ' ask':2548, ' you':498, ' to':311, ' enter':3725, ' your':697, ' password':3552, ',':11, ' which':892, ' is':374, ' usually':5990, ' a':264, ' combination':10601, ' of':315, ' your':697, ' username':5934, ' and':323, ' a':264, ' number':1372, '.':624, '5':20, '.':13, ' Enter':11252, ' your':697, ' password':3552, '.':624, '6':21, '.':13, ' Click':9189, ' "':330, 'Unlock':49679 ]
[1790522569] n_remain: 46
[1790522569] eval: [ 'Unlock':49679 ]
[1790522569] n_past = 594
[1790522569] last: [ '1':16, '.':13, ' Turn':11999, ' off':1007, ' the':279, ' computer':6366, '.':624, '2':17, '.':13, ' Find':7379, ' the':279, ' "':330, 'Lock':11989, ' Me':2157, '"':1, ' icon':4603, ' in':304, ' the':279, ' system':1849, ' tray':34688, '.':624, '3':18, '.':13, ' Click':9189, ' on':389, ' the':279, ' lock':5296, ' icon':4603, '.':624, '4':19, '.':13, ' It':1084, ' will':686, ' ask':2548, ' you':498, ' to':311, ' enter':3725, ' your':697, ' password':3552, ',':11, ' which':892, ' is':374, ' usually':5990, ' a':264, ' combination':10601, ' of':315, ' your':697, ' username':5934, ' and':323, ' a':264, ' number':1372, '.':624, '5':20, '.':13, ' Enter':11252, ' your':697, ' password':3552, '.':624, '6':21, '.':13, ' Click':9189, ' "':330, 'Unlock':49679, '"':1 ]
[1790522569] n_remain: 45
[1790522569] eval: [ '"':1 ]
[1790522569] n_past = 595
[1790522569] last: [ '.':13, ' Turn':11999, ' off':1007, ' the':279, ' computer':6366, '.':624, '2':17, '.':13, ' Find':7379, ' the':279, ' "':330, 'Lock':11989, ' Me':2157, '"':1, ' icon':4603, ' in':304, ' the':279, ' system':1849, ' tray':34688, '.':624, '3':18, '.':13, ' Click':9189, ' on':389, ' the':279, ' lock':5296, ' icon':4603, '.':624, '4':19, '.':13, ' It':1084, ' will':686, ' ask':2548, ' you':498, ' to':311, ' enter':3725, ' your':697, ' password':3552, ',':11, ' which':892, ' is':374, ' usually':5990, ' a':264, ' combination':10601, ' of':315, ' your':697, ' username':5934, ' and':323, ' a':264, ' number':1372, '.':624, '5':20, '.':13, ' Enter':11252, ' your':697, ' password':3552, '.':624, '6':21, '.':13, ' Click':9189, ' "':330, 'Unlock':49679, '"':1, ' to':311 ]
[1790522569] n_remain: 44
[1790522569] eval: [ ' to':311 ]
[1790522569] n_past = 596
[1790522569] last: [ ' Turn':11999, ' off':1007, ' the':279, ' computer':6366, '.':624, '2':17, '.':13, ' Find':7379, ' the':279, ' "':330, 'Lock':11989, ' Me':2157, '"':1, ' icon':4603, ' in':304, ' the':279, ' system':1849, ' tray':34688, '.':624, '3':18, '.':13, ' Click':9189, ' on':389, ' the':279, ' lock':5296, ' icon':4603, '.':624, '4':19, '.':13, ' It':1084, ' will':686, ' ask':2548, ' you':498, ' to':311, ' enter':3725, ' your':697, ' password':3552, ',':11, ' which':892, ' is':374, ' usually':5990, ' a':264, ' combination':10601, ' of':315, ' your':697, ' username':5934, ' and':323, ' a':264, ' number':1372, '.':624, '5':20, '.':13, ' Enter':11252, ' your':697, ' password':3552, '.':624, '6':21, '.':13, ' Click':9189, ' "':330, 'Unlock':49679, '"':1, ' to':311, ' unlock':15055 ]
[1790522569] n_remain: 43
[1790522569] eval: [ ' unlock':15055 ]
[1790522569] n_past = 597
[1790522569] last: [ ' off':1007, ' the':279, ' computer':6366, '.':624, '2':17, '.':13, ' Find':7379, ' the':279, ' "':330, 'Lock':11989, ' Me':2157, '"':1, ' icon':4603, ' in':304, ' the':279, ' system':1849, ' tray':34688, '.':624, '3':18, '.':13, ' Click':9189, ' on':389, ' the':279, ' lock':5296, ' icon':4603, '.':624, '4':19, '.':13, ' It':1084, ' will':686, ' ask':2548, ' you':498, ' to':311, ' enter':3725, ' your':697, ' password':3552, ',':11, ' which':892, ' is':374, ' usually':5990, ' a':264, ' combination':10601, ' of':315, ' your':697, ' username':5934, ' and':323, ' a':264, ' number':1372, '.':624, '5':20, '.':13, ' Enter':11252, ' your':697, ' password':3552, '.':624, '6':21, '.':13, ' Click':9189, ' "':330, 'Unlock':49679, '"':1, ' to':311, ' unlock':15055, ' the':279 ]
[1790522569] n_remain: 42
[1790522569] eval: [ ' the':279 ]
[1790522569] n_past = 598
[1790522569] last: [ ' the':279, ' computer':6366, '.':624, '2':17, '.':13, ' Find':7379, ' the':279, ' "':330, 'Lock':11989, ' Me':2157, '"':1, ' icon':4603, ' in':304, ' the':279, ' system':1849, ' tray':34688, '.':624, '3':18, '.':13, ' Click':9189, ' on':389, ' the':279, ' lock':5296, ' icon':4603, '.':624, '4':19, '.':13, ' It':1084, ' will':686, ' ask':2548, ' you':498, ' to':311, ' enter':3725, ' your':697, ' password':3552, ',':11, ' which':892, ' is':374, ' usually':5990, ' a':264, ' combination':10601, ' of':315, ' your':697, ' username':5934, ' and':323, ' a':264, ' number':1372, '.':624, '5':20, '.':13, ' Enter':11252, ' your':697, ' password':3552, '.':624, '6':21, '.':13, ' Click':9189, ' "':330, 'Unlock':49679, '"':1, ' to':311, ' unlock':15055, ' the':279, ' computer':6366 ]
[1790522569] n_remain: 41
[1790522569] eval: [ ' computer':6366 ]
[1790522569] n_past = 599
[1790522569] last: [ ' computer':6366, '.':624, '2':17, '.':13, ' Find':7379, ' the':279, ' "':330, 'Lock':11989, ' Me':2157, '"':1, ' icon':4603, ' in':304, ' the':279, ' system':1849, ' tray':34688, '.':624, '3':18, '.':13, ' Click':9189, ' on':389, ' the':279, ' lock':5296, ' icon':4603, '.':624, '4':19, '.':13, ' It':1084, ' will':686, ' ask':2548, ' you':498, ' to':311, ' enter':3725, ' your':697, ' password':3552, ',':11, ' which':892, ' is':374, ' usually':5990, ' a':264, ' combination':10601, ' of':315, ' your':697, ' username':5934, ' and':323, ' a':264, ' number':1372, '.':624, '5':20, '.':13, ' Enter':11252, ' your':697, ' password':3552, '.':624, '6':21, '.':13, ' Click':9189, ' "':330, 'Unlock':49679, '"':1, ' to':311, ' unlock':15055, ' the':279, ' computer':6366, '.':382 ]
[1790522569] n_remain: 40
[1790522569] eval: [ '.':382 ]
[1790522569] n_past = 600
[1790522569] last: [ '.':624, '2':17, '.':13, ' Find':7379, ' the':279, ' "':330, 'Lock':11989, ' Me':2157, '"':1, ' icon':4603, ' in':304, ' the':279, ' system':1849, ' tray':34688, '.':624, '3':18, '.':13, ' Click':9189, ' on':389, ' the':279, ' lock':5296, ' icon':4603, '.':624, '4':19, '.':13, ' It':1084, ' will':686, ' ask':2548, ' you':498, ' to':311, ' enter':3725, ' your':697, ' password':3552, ',':11, ' which':892, ' is':374, ' usually':5990, ' a':264, ' combination':10601, ' of':315, ' your':697, ' username':5934, ' and':323, ' a':264, ' number':1372, '.':624, '5':20, '.':13, ' Enter':11252, ' your':697, ' password':3552, '.':624, '6':21, '.':13, ' Click':9189, ' "':330, 'Unlock':49679, '"':1, ' to':311, ' unlock':15055, ' the':279, ' computer':6366, '.':382, 'Remember':28590 ]
[1790522569] n_remain: 39
[1790522569] eval: [ 'Remember':28590 ]
[1790522570] n_past = 601
[1790522570] last: [ '2':17, '.':13, ' Find':7379, ' the':279, ' "':330, 'Lock':11989, ' Me':2157, '"':1, ' icon':4603, ' in':304, ' the':279, ' system':1849, ' tray':34688, '.':624, '3':18, '.':13, ' Click':9189, ' on':389, ' the':279, ' lock':5296, ' icon':4603, '.':624, '4':19, '.':13, ' It':1084, ' will':686, ' ask':2548, ' you':498, ' to':311, ' enter':3725, ' your':697, ' password':3552, ',':11, ' which':892, ' is':374, ' usually':5990, ' a':264, ' combination':10601, ' of':315, ' your':697, ' username':5934, ' and':323, ' a':264, ' number':1372, '.':624, '5':20, '.':13, ' Enter':11252, ' your':697, ' password':3552, '.':624, '6':21, '.':13, ' Click':9189, ' "':330, 'Unlock':49679, '"':1, ' to':311, ' unlock':15055, ' the':279, ' computer':6366, '.':382, 'Remember':28590, ',':11 ]
[1790522570] n_remain: 38
[1790522570] eval: [ ',':11 ]
[1790522570] n_past = 602
[1790522570] last: [ '.':13, ' Find':7379, ' the':279, ' "':330, 'Lock':11989, ' Me':2157, '"':1, ' icon':4603, ' in':304, ' the':279, ' system':1849, ' tray':34688, '.':624, '3':18, '.':13, ' Click':9189, ' on':389, ' the':279, ' lock':5296, ' icon':4603, '.':624, '4':19, '.':13, ' It':1084, ' will':686, ' ask':2548, ' you':498, ' to':311, ' enter':3725, ' your':697, ' password':3552, ',':11, ' which':892, ' is':374, ' usually':5990, ' a':264, ' combination':10601, ' of':315, ' your':697, ' username':5934, ' and':323, ' a':264, ' number':1372, '.':624, '5':20, '.':13, ' Enter':11252, ' your':697, ' password':3552, '.':624, '6':21, '.':13, ' Click':9189, ' "':330, 'Unlock':49679, '"':1, ' to':311, ' unlock':15055, ' the':279, ' computer':6366, '.':382, 'Remember':28590, ',':11, ' always':2677 ]
[1790522570] n_remain: 37
[1790522570] eval: [ ' always':2677 ]
[1790522570] n_past = 603
[1790522570] last: [ ' Find':7379, ' the':279, ' "':330, 'Lock':11989, ' Me':2157, '"':1, ' icon':4603, ' in':304, ' the':279, ' system':1849, ' tray':34688, '.':624, '3':18, '.':13, ' Click':9189, ' on':389, ' the':279, ' lock':5296, ' icon':4603, '.':624, '4':19, '.':13, ' It':1084, ' will':686, ' ask':2548, ' you':498, ' to':311, ' enter':3725, ' your':697, ' password':3552, ',':11, ' which':892, ' is':374, ' usually':5990, ' a':264, ' combination':10601, ' of':315, ' your':697, ' username':5934, ' and':323, ' a':264, ' number':1372, '.':624, '5':20, '.':13, ' Enter':11252, ' your':697, ' password':3552, '.':624, '6':21, '.':13, ' Click':9189, ' "':330, 'Unlock':49679, '"':1, ' to':311, ' unlock':15055, ' the':279, ' computer':6366, '.':382, 'Remember':28590, ',':11, ' always':2677, ' be':387 ]
[1790522570] n_remain: 36
[1790522570] eval: [ ' be':387 ]
[1790522570] n_past = 604
[1790522570] last: [ ' the':279, ' "':330, 'Lock':11989, ' Me':2157, '"':1, ' icon':4603, ' in':304, ' the':279, ' system':1849, ' tray':34688, '.':624, '3':18, '.':13, ' Click':9189, ' on':389, ' the':279, ' lock':5296, ' icon':4603, '.':624, '4':19, '.':13, ' It':1084, ' will':686, ' ask':2548, ' you':498, ' to':311, ' enter':3725, ' your':697, ' password':3552, ',':11, ' which':892, ' is':374, ' usually':5990, ' a':264, ' combination':10601, ' of':315, ' your':697, ' username':5934, ' and':323, ' a':264, ' number':1372, '.':624, '5':20, '.':13, ' Enter':11252, ' your':697, ' password':3552, '.':624, '6':21, '.':13, ' Click':9189, ' "':330, 'Unlock':49679, '"':1, ' to':311, ' unlock':15055, ' the':279, ' computer':6366, '.':382, 'Remember':28590, ',':11, ' always':2677, ' be':387, ' careful':16585 ]
[1790522570] n_remain: 35
[1790522570] eval: [ ' careful':16585 ]
[1790522570] n_past = 605
[1790522570] last: [ ' "':330, 'Lock':11989, ' Me':2157, '"':1, ' icon':4603, ' in':304, ' the':279, ' system':1849, ' tray':34688, '.':624, '3':18, '.':13, ' Click':9189, ' on':389, ' the':279, ' lock':5296, ' icon':4603, '.':624, '4':19, '.':13, ' It':1084, ' will':686, ' ask':2548, ' you':498, ' to':311, ' enter':3725, ' your':697, ' password':3552, ',':11, ' which':892, ' is':374, ' usually':5990, ' a':264, ' combination':10601, ' of':315, ' your':697, ' username':5934, ' and':323, ' a':264, ' number':1372, '.':624, '5':20, '.':13, ' Enter':11252, ' your':697, ' password':3552, '.':624, '6':21, '.':13, ' Click':9189, ' "':330, 'Unlock':49679, '"':1, ' to':311, ' unlock':15055, ' the':279, ' computer':6366, '.':382, 'Remember':28590, ',':11, ' always':2677, ' be':387, ' careful':16585, ' when':979 ]
[1790522570] n_remain: 34
[1790522570] eval: [ ' when':979 ]
[1790522570] n_past = 606
[1790522570] last: [ 'Lock':11989, ' Me':2157, '"':1, ' icon':4603, ' in':304, ' the':279, ' system':1849, ' tray':34688, '.':624, '3':18, '.':13, ' Click':9189, ' on':389, ' the':279, ' lock':5296, ' icon':4603, '.':624, '4':19, '.':13, ' It':1084, ' will':686, ' ask':2548, ' you':498, ' to':311, ' enter':3725, ' your':697, ' password':3552, ',':11, ' which':892, ' is':374, ' usually':5990, ' a':264, ' combination':10601, ' of':315, ' your':697, ' username':5934, ' and':323, ' a':264, ' number':1372, '.':624, '5':20, '.':13, ' Enter':11252, ' your':697, ' password':3552, '.':624, '6':21, '.':13, ' Click':9189, ' "':330, 'Unlock':49679, '"':1, ' to':311, ' unlock':15055, ' the':279, ' computer':6366, '.':382, 'Remember':28590, ',':11, ' always':2677, ' be':387, ' careful':16585, ' when':979, ' using':1667 ]
[1790522570] n_remain: 33
[1790522570] eval: [ ' using':1667 ]
[1790522570] n_past = 607
[1790522570] last: [ ' Me':2157, '"':1, ' icon':4603, ' in':304, ' the':279, ' system':1849, ' tray':34688, '.':624, '3':18, '.':13, ' Click':9189, ' on':389, ' the':279, ' lock':5296, ' icon':4603, '.':624, '4':19, '.':13, ' It':1084, ' will':686, ' ask':2548, ' you':498, ' to':311, ' enter':3725, ' your':697, ' password':3552, ',':11, ' which':892, ' is':374, ' usually':5990, ' a':264, ' combination':10601, ' of':315, ' your':697, ' username':5934, ' and':323, ' a':264, ' number':1372, '.':624, '5':20, '.':13, ' Enter':11252, ' your':697, ' password':3552, '.':624, '6':21, '.':13, ' Click':9189, ' "':330, 'Unlock':49679, '"':1, ' to':311, ' unlock':15055, ' the':279, ' computer':6366, '.':382, 'Remember':28590, ',':11, ' always':2677, ' be':387, ' careful':16585, ' when':979, ' using':1667, ' a':264 ]
[1790522570] n_remain: 32
[1790522570] eval: [ ' a':264 ]
[1790522570] n_past = 608
[1790522570] last: [ '"':1, ' icon':4603, ' in':304, ' the':279, ' system':1849, ' tray':34688, '.':624, '3':18, '.':13, ' Click':9189, ' on':389, ' the':279, ' lock':5296, ' icon':4603, '.':624, '4':19, '.':13, ' It':1084, ' will':686, ' ask':2548, ' you':498, ' to':311, ' enter':3725, ' your':697, ' password':3552, ',':11, ' which':892, ' is':374, ' usually':5990, ' a':264, ' combination':10601, ' of':315, ' your':697, ' username':5934, ' and':323, ' a':264, ' number':1372, '.':624, '5':20, '.':13, ' Enter':11252, ' your':697, ' password':3552, '.':624, '6':21, '.':13, ' Click':9189, ' "':330, 'Unlock':49679, '"':1, ' to':311, ' unlock':15055, ' the':279, ' computer':6366, '.':382, 'Remember':28590, ',':11, ' always':2677, ' be':387, ' careful':16585, ' when':979, ' using':1667, ' a':264, ' computer':6366 ]
[1790522570] n_remain: 31
[1790522570] eval: [ ' computer':6366 ]
[1790522570] n_past = 609
[1790522570] last: [ ' icon':4603, ' in':304, ' the':279, ' system':1849, ' tray':34688, '.':624, '3':18, '.':13, ' Click':9189, ' on':389, ' the':279, ' lock':5296, ' icon':4603, '.':624, '4':19, '.':13, ' It':1084, ' will':686, ' ask':2548, ' you':498, ' to':311, ' enter':3725, ' your':697, ' password':3552, ',':11, ' which':892, ' is':374, ' usually':5990, ' a':264, ' combination':10601, ' of':315, ' your':697, ' username':5934, ' and':323, ' a':264, ' number':1372, '.':624, '5':20, '.':13, ' Enter':11252, ' your':697, ' password':3552, '.':624, '6':21, '.':13, ' Click':9189, ' "':330, 'Unlock':49679, '"':1, ' to':311, ' unlock':15055, ' the':279, ' computer':6366, '.':382, 'Remember':28590, ',':11, ' always':2677, ' be':387, ' careful':16585, ' when':979, ' using':1667, ' a':264, ' computer':6366, ' and':323 ]
[1790522570] n_remain: 30
[1790522570] eval: [ ' and':323 ]
[1790522570] n_past = 610
[1790522570] last: [ ' in':304, ' the':279, ' system':1849, ' tray':34688, '.':624, '3':18, '.':13, ' Click':9189, ' on':389, ' the':279, ' lock':5296, ' icon':4603, '.':624, '4':19, '.':13, ' It':1084, ' will':686, ' ask':2548, ' you':498, ' to':311, ' enter':3725, ' your':697, ' password':3552, ',':11, ' which':892, ' is':374, ' usually':5990, ' a':264, ' combination':10601, ' of':315, ' your':697, ' username':5934, ' and':323, ' a':264, ' number':1372, '.':624, '5':20, '.':13, ' Enter':11252, ' your':697, ' password':3552, '.':624, '6':21, '.':13, ' Click':9189, ' "':330, 'Unlock':49679, '"':1, ' to':311, ' unlock':15055, ' the':279, ' computer':6366, '.':382, 'Remember':28590, ',':11, ' always':2677, ' be':387, ' careful':16585, ' when':979, ' using':1667, ' a':264, ' computer':6366, ' and':323, ' keep':2506 ]
[1790522570] n_remain: 29
[1790522570] eval: [ ' keep':2506 ]
[1790522570] n_past = 611
[1790522570] last: [ ' the':279, ' system':1849, ' tray':34688, '.':624, '3':18, '.':13, ' Click':9189, ' on':389, ' the':279, ' lock':5296, ' icon':4603, '.':624, '4':19, '.':13, ' It':1084, ' will':686, ' ask':2548, ' you':498, ' to':311, ' enter':3725, ' your':697, ' password':3552, ',':11, ' which':892, ' is':374, ' usually':5990, ' a':264, ' combination':10601, ' of':315, ' your':697, ' username':5934, ' and':323, ' a':264, ' number':1372, '.':624, '5':20, '.':13, ' Enter':11252, ' your':697, ' password':3552, '.':624, '6':21, '.':13, ' Click':9189, ' "':330, 'Unlock':49679, '"':1, ' to':311, ' unlock':15055, ' the':279, ' computer':6366, '.':382, 'Remember':28590, ',':11, ' always':2677, ' be':387, ' careful':16585, ' when':979, ' using':1667, ' a':264, ' computer':6366, ' and':323, ' keep':2506, ' your':697 ]
[1790522570] n_remain: 28
[1790522570] eval: [ ' your':697 ]
[1790522570] n_past = 612
[1790522570] last: [ ' system':1849, ' tray':34688, '.':624, '3':18, '.':13, ' Click':9189, ' on':389, ' the':279, ' lock':5296, ' icon':4603, '.':624, '4':19, '.':13, ' It':1084, ' will':686, ' ask':2548, ' you':498, ' to':311, ' enter':3725, ' your':697, ' password':3552, ',':11, ' which':892, ' is':374, ' usually':5990, ' a':264, ' combination':10601, ' of':315, ' your':697, ' username':5934, ' and':323, ' a':264, ' number':1372, '.':624, '5':20, '.':13, ' Enter':11252, ' your':697, ' password':3552, '.':624, '6':21, '.':13, ' Click':9189, ' "':330, 'Unlock':49679, '"':1, ' to':311, ' unlock':15055, ' the':279, ' computer':6366, '.':382, 'Remember':28590, ',':11, ' always':2677, ' be':387, ' careful':16585, ' when':979, ' using':1667, ' a':264, ' computer':6366, ' and':323, ' keep':2506, ' your':697, ' passwords':33716 ]
[1790522570] n_remain: 27
[1790522570] eval: [ ' passwords':33716 ]
[1790522570] n_past = 613
[1790522570] last: [ ' tray':34688, '.':624, '3':18, '.':13, ' Click':9189, ' on':389, ' the':279, ' lock':5296, ' icon':4603, '.':624, '4':19, '.':13, ' It':1084, ' will':686, ' ask':2548, ' you':498, ' to':311, ' enter':3725, ' your':697, ' password':3552, ',':11, ' which':892, ' is':374, ' usually':5990, ' a':264, ' combination':10601, ' of':315, ' your':697, ' username':5934, ' and':323, ' a':264, ' number':1372, '.':624, '5':20, '.':13, ' Enter':11252, ' your':697, ' password':3552, '.':624, '6':21, '.':13, ' Click':9189, ' "':330, 'Unlock':49679, '"':1, ' to':311, ' unlock':15055, ' the':279, ' computer':6366, '.':382, 'Remember':28590, ',':11, ' always':2677, ' be':387, ' careful':16585, ' when':979, ' using':1667, ' a':264, ' computer':6366, ' and':323, ' keep':2506, ' your':697, ' passwords':33716, ' safe':6092 ]
[1790522570] n_remain: 26
[1790522570] eval: [ ' safe':6092 ]
[1790522570] n_past = 614
[1790522570] last: [ '.':624, '3':18, '.':13, ' Click':9189, ' on':389, ' the':279, ' lock':5296, ' icon':4603, '.':624, '4':19, '.':13, ' It':1084, ' will':686, ' ask':2548, ' you':498, ' to':311, ' enter':3725, ' your':697, ' password':3552, ',':11, ' which':892, ' is':374, ' usually':5990, ' a':264, ' combination':10601, ' of':315, ' your':697, ' username':5934, ' and':323, ' a':264, ' number':1372, '.':624, '5':20, '.':13, ' Enter':11252, ' your':697, ' password':3552, '.':624, '6':21, '.':13, ' Click':9189, ' "':330, 'Unlock':49679, '"':1, ' to':311, ' unlock':15055, ' the':279, ' computer':6366, '.':382, 'Remember':28590, ',':11, ' always':2677, ' be':387, ' careful':16585, ' when':979, ' using':1667, ' a':264, ' computer':6366, ' and':323, ' keep':2506, ' your':697, ' passwords':33716, ' safe':6092, '.':13 ]
[1790522570] n_remain: 25
[1790522570] eval: [ '.':13 ]
[1790522570] n_past = 615
[1790522570] last: [ '3':18, '.':13, ' Click':9189, ' on':389, ' the':279, ' lock':5296, ' icon':4603, '.':624, '4':19, '.':13, ' It':1084, ' will':686, ' ask':2548, ' you':498, ' to':311, ' enter':3725, ' your':697, ' password':3552, ',':11, ' which':892, ' is':374, ' usually':5990, ' a':264, ' combination':10601, ' of':315, ' your':697, ' username':5934, ' and':323, ' a':264, ' number':1372, '.':624, '5':20, '.':13, ' Enter':11252, ' your':697, ' password':3552, '.':624, '6':21, '.':13, ' Click':9189, ' "':330, 'Unlock':49679, '"':1, ' to':311, ' unlock':15055, ' the':279, ' computer':6366, '.':382, 'Remember':28590, ',':11, ' always':2677, ' be':387, ' careful':16585, ' when':979, ' using':1667, ' a':264, ' computer':6366, ' and':323, ' keep':2506, ' your':697, ' passwords':33716, ' safe':6092, '.':13, ' If':1416 ]
[1790522570] n_remain: 24
[1790522570] eval: [ ' If':1416 ]
[1790522570] n_past = 616
[1790522570] last: [ '.':13, ' Click':9189, ' on':389, ' the':279, ' lock':5296, ' icon':4603, '.':624, '4':19, '.':13, ' It':1084, ' will':686, ' ask':2548, ' you':498, ' to':311, ' enter':3725, ' your':697, ' password':3552, ',':11, ' which':892, ' is':374, ' usually':5990, ' a':264, ' combination':10601, ' of':315, ' your':697, ' username':5934, ' and':323, ' a':264, ' number':1372, '.':624, '5':20, '.':13, ' Enter':11252, ' your':697, ' password':3552, '.':624, '6':21, '.':13, ' Click':9189, ' "':330, 'Unlock':49679, '"':1, ' to':311, ' unlock':15055, ' the':279, ' computer':6366, '.':382, 'Remember':28590, ',':11, ' always':2677, ' be':387, ' careful':16585, ' when':979, ' using':1667, ' a':264, ' computer':6366, ' and':323, ' keep':2506, ' your':697, ' passwords':33716, ' safe':6092, '.':13, ' If':1416, ' you':498 ]
[1790522570] n_remain: 23
[1790522570] eval: [ ' you':498 ]
[1790522570] n_past = 617
[1790522570] last: [ ' Click':9189, ' on':389, ' the':279, ' lock':5296, ' icon':4603, '.':624, '4':19, '.':13, ' It':1084, ' will':686, ' ask':2548, ' you':498, ' to':311, ' enter':3725, ' your':697, ' password':3552, ',':11, ' which':892, ' is':374, ' usually':5990, ' a':264, ' combination':10601, ' of':315, ' your':697, ' username':5934, ' and':323, ' a':264, ' number':1372, '.':624, '5':20, '.':13, ' Enter':11252, ' your':697, ' password':3552, '.':624, '6':21, '.':13, ' Click':9189, ' "':330, 'Unlock':49679, '"':1, ' to':311, ' unlock':15055, ' the':279, ' computer':6366, '.':382, 'Remember':28590, ',':11, ' always':2677, ' be':387, ' careful':16585, ' when':979, ' using':1667, ' a':264, ' computer':6366, ' and':323, ' keep':2506, ' your':697, ' passwords':33716, ' safe':6092, '.':13, ' If':1416, ' you':498, ' are':525 ]
[1790522570] n_remain: 22
[1790522570] eval: [ ' are':525 ]
[1790522570] n_past = 618
[1790522570] last: [ ' on':389, ' the':279, ' lock':5296, ' icon':4603, '.':624, '4':19, '.':13, ' It':1084, ' will':686, ' ask':2548, ' you':498, ' to':311, ' enter':3725, ' your':697, ' password':3552, ',':11, ' which':892, ' is':374, ' usually':5990, ' a':264, ' combination':10601, ' of':315, ' your':697, ' username':5934, ' and':323, ' a':264, ' number':1372, '.':624, '5':20, '.':13, ' Enter':11252, ' your':697, ' password':3552, '.':624, '6':21, '.':13, ' Click':9189, ' "':330, 'Unlock':49679, '"':1, ' to':311, ' unlock':15055, ' the':279, ' computer':6366, '.':382, 'Remember':28590, ',':11, ' always':2677, ' be':387, ' careful':16585, ' when':979, ' using':1667, ' a':264, ' computer':6366, ' and':323, ' keep':2506, ' your':697, ' passwords':33716, ' safe':6092, '.':13, ' If':1416, ' you':498, ' are':525, ' unsure':42903 ]
[1790522570] n_remain: 21
[1790522570] eval: [ ' unsure':42903 ]
[1790522571] n_past = 619
[1790522571] last: [ ' the':279, ' lock':5296, ' icon':4603, '.':624, '4':19, '.':13, ' It':1084, ' will':686, ' ask':2548, ' you':498, ' to':311, ' enter':3725, ' your':697, ' password':3552, ',':11, ' which':892, ' is':374, ' usually':5990, ' a':264, ' combination':10601, ' of':315, ' your':697, ' username':5934, ' and':323, ' a':264, ' number':1372, '.':624, '5':20, '.':13, ' Enter':11252, ' your':697, ' password':3552, '.':624, '6':21, '.':13, ' Click':9189, ' "':330, 'Unlock':49679, '"':1, ' to':311, ' unlock':15055, ' the':279, ' computer':6366, '.':382, 'Remember':28590, ',':11, ' always':2677, ' be':387, ' careful':16585, ' when':979, ' using':1667, ' a':264, ' computer':6366, ' and':323, ' keep':2506, ' your':697, ' passwords':33716, ' safe':6092, '.':13, ' If':1416, ' you':498, ' are':525, ' unsure':42903, ',':11 ]
[1790522571] n_remain: 20
[1790522571] eval: [ ',':11 ]
[1790522571] n_past = 620
[1790522571] last: [ ' lock':5296, ' icon':4603, '.':624, '4':19, '.':13, ' It':1084, ' will':686, ' ask':2548, ' you':498, ' to':311, ' enter':3725, ' your':697, ' password':3552, ',':11, ' which':892, ' is':374, ' usually':5990, ' a':264, ' combination':10601, ' of':315, ' your':697, ' username':5934, ' and':323, ' a':264, ' number':1372, '.':624, '5':20, '.':13, ' Enter':11252, ' your':697, ' password':3552, '.':624, '6':21, '.':13, ' Click':9189, ' "':330, 'Unlock':49679, '"':1, ' to':311, ' unlock':15055, ' the':279, ' computer':6366, '.':382, 'Remember':28590, ',':11, ' always':2677, ' be':387, ' careful':16585, ' when':979, ' using':1667, ' a':264, ' computer':6366, ' and':323, ' keep':2506, ' your':697, ' passwords':33716, ' safe':6092, '.':13, ' If':1416, ' you':498, ' are':525, ' unsure':42903, ',':11, ' you':498 ]
[1790522571] n_remain: 19
[1790522571] eval: [ ' you':498 ]
[1790522571] n_past = 621
[1790522571] last: [ ' icon':4603, '.':624, '4':19, '.':13, ' It':1084, ' will':686, ' ask':2548, ' you':498, ' to':311, ' enter':3725, ' your':697, ' password':3552, ',':11, ' which':892, ' is':374, ' usually':5990, ' a':264, ' combination':10601, ' of':315, ' your':697, ' username':5934, ' and':323, ' a':264, ' number':1372, '.':624, '5':20, '.':13, ' Enter':11252, ' your':697, ' password':3552, '.':624, '6':21, '.':13, ' Click':9189, ' "':330, 'Unlock':49679, '"':1, ' to':311, ' unlock':15055, ' the':279, ' computer':6366, '.':382, 'Remember':28590, ',':11, ' always':2677, ' be':387, ' careful':16585, ' when':979, ' using':1667, ' a':264, ' computer':6366, ' and':323, ' keep':2506, ' your':697, ' passwords':33716, ' safe':6092, '.':13, ' If':1416, ' you':498, ' are':525, ' unsure':42903, ',':11, ' you':498, ' can':646 ]
[1790522571] n_remain: 18
[1790522571] eval: [ ' can':646 ]
[1790522571] n_past = 622
[1790522571] last: [ '.':624, '4':19, '.':13, ' It':1084, ' will':686, ' ask':2548, ' you':498, ' to':311, ' enter':3725, ' your':697, ' password':3552, ',':11, ' which':892, ' is':374, ' usually':5990, ' a':264, ' combination':10601, ' of':315, ' your':697, ' username':5934, ' and':323, ' a':264, ' number':1372, '.':624, '5':20, '.':13, ' Enter':11252, ' your':697, ' password':3552, '.':624, '6':21, '.':13, ' Click':9189, ' "':330, 'Unlock':49679, '"':1, ' to':311, ' unlock':15055, ' the':279, ' computer':6366, '.':382, 'Remember':28590, ',':11, ' always':2677, ' be':387, ' careful':16585, ' when':979, ' using':1667, ' a':264, ' computer':6366, ' and':323, ' keep':2506, ' your':697, ' passwords':33716, ' safe':6092, '.':13, ' If':1416, ' you':498, ' are':525, ' unsure':42903, ',':11, ' you':498, ' can':646, ' always':2677 ]
[1790522571] n_remain: 17
[1790522571] eval: [ ' always':2677 ]
[1790522571] n_past = 623
[1790522571] last: [ '4':19, '.':13, ' It':1084, ' will':686, ' ask':2548, ' you':498, ' to':311, ' enter':3725, ' your':697, ' password':3552, ',':11, ' which':892, ' is':374, ' usually':5990, ' a':264, ' combination':10601, ' of':315, ' your':697, ' username':5934, ' and':323, ' a':264, ' number':1372, '.':624, '5':20, '.':13, ' Enter':11252, ' your':697, ' password':3552, '.':624, '6':21, '.':13, ' Click':9189, ' "':330, 'Unlock':49679, '"':1, ' to':311, ' unlock':15055, ' the':279, ' computer':6366, '.':382, 'Remember':28590, ',':11, ' always':2677, ' be':387, ' careful':16585, ' when':979, ' using':1667, ' a':264, ' computer':6366, ' and':323, ' keep':2506, ' your':697, ' passwords':33716, ' safe':6092, '.':13, ' If':1416, ' you':498, ' are':525, ' unsure':42903, ',':11, ' you':498, ' can':646, ' always':2677, ' ask':2548 ]
[1790522571] n_remain: 16
[1790522571] eval: [ ' ask':2548 ]
[1790522571] n_past = 624
[1790522571] last: [ '.':13, ' It':1084, ' will':686, ' ask':2548, ' you':498, ' to':311, ' enter':3725, ' your':697, ' password':3552, ',':11, ' which':892, ' is':374, ' usually':5990, ' a':264, ' combination':10601, ' of':315, ' your':697, ' username':5934, ' and':323, ' a':264, ' number':1372, '.':624, '5':20, '.':13, ' Enter':11252, ' your':697, ' password':3552, '.':624, '6':21, '.':13, ' Click':9189, ' "':330, 'Unlock':49679, '"':1, ' to':311, ' unlock':15055, ' the':279, ' computer':6366, '.':382, 'Remember':28590, ',':11, ' always':2677, ' be':387, ' careful':16585, ' when':979, ' using':1667, ' a':264, ' computer':6366, ' and':323, ' keep':2506, ' your':697, ' passwords':33716, ' safe':6092, '.':13, ' If':1416, ' you':498, ' are':525, ' unsure':42903, ',':11, ' you':498, ' can':646, ' always':2677, ' ask':2548, ' a':264 ]
[1790522571] n_remain: 15
[1790522571] eval: [ ' a':264 ]
[1790522571] n_past = 625
[1790522571] last: [ ' It':1084, ' will':686, ' ask':2548, ' you':498, ' to':311, ' enter':3725, ' your':697, ' password':3552, ',':11, ' which':892, ' is':374, ' usually':5990, ' a':264, ' combination':10601, ' of':315, ' your':697, ' username':5934, ' and':323, ' a':264, ' number':1372, '.':624, '5':20, '.':13, ' Enter':11252, ' your':697, ' password':3552, '.':624, '6':21, '.':13, ' Click':9189, ' "':330, 'Unlock':49679, '"':1, ' to':311, ' unlock':15055, ' the':279, ' computer':6366, '.':382, 'Remember':28590, ',':11, ' always':2677, ' be':387, ' careful':16585, ' when':979, ' using':1667, ' a':264, ' computer':6366, ' and':323, ' keep':2506, ' your':697, ' passwords':33716, ' safe':6092, '.':13, ' If':1416, ' you':498, ' are':525, ' unsure':42903, ',':11, ' you':498, ' can':646, ' always':2677, ' ask':2548, ' a':264, ' teacher':11079 ]
[1790522571] n_remain: 14
[1790522571] eval: [ ' teacher':11079 ]
[1790522571] n_past = 626
[1790522571] last: [ ' will':686, ' ask':2548, ' you':498, ' to':311, ' enter':3725, ' your':697, ' password':3552, ',':11, ' which':892, ' is':374, ' usually':5990, ' a':264, ' combination':10601, ' of':315, ' your':697, ' username':5934, ' and':323, ' a':264, ' number':1372, '.':624, '5':20, '.':13, ' Enter':11252, ' your':697, ' password':3552, '.':624, '6':21, '.':13, ' Click':9189, ' "':330, 'Unlock':49679, '"':1, ' to':311, ' unlock':15055, ' the':279, ' computer':6366, '.':382, 'Remember':28590, ',':11, ' always':2677, ' be':387, ' careful':16585, ' when':979, ' using':1667, ' a':264, ' computer':6366, ' and':323, ' keep':2506, ' your':697, ' passwords':33716, ' safe':6092, '.':13, ' If':1416, ' you':498, ' are':525, ' unsure':42903, ',':11, ' you':498, ' can':646, ' always':2677, ' ask':2548, ' a':264, ' teacher':11079, ' or':476 ]
[1790522571] n_remain: 13
[1790522571] eval: [ ' or':476 ]
[1790522571] n_past = 627
[1790522571] last: [ ' ask':2548, ' you':498, ' to':311, ' enter':3725, ' your':697, ' password':3552, ',':11, ' which':892, ' is':374, ' usually':5990, ' a':264, ' combination':10601, ' of':315, ' your':697, ' username':5934, ' and':323, ' a':264, ' number':1372, '.':624, '5':20, '.':13, ' Enter':11252, ' your':697, ' password':3552, '.':624, '6':21, '.':13, ' Click':9189, ' "':330, 'Unlock':49679, '"':1, ' to':311, ' unlock':15055, ' the':279, ' computer':6366, '.':382, 'Remember':28590, ',':11, ' always':2677, ' be':387, ' careful':16585, ' when':979, ' using':1667, ' a':264, ' computer':6366, ' and':323, ' keep':2506, ' your':697, ' passwords':33716, ' safe':6092, '.':13, ' If':1416, ' you':498, ' are':525, ' unsure':42903, ',':11, ' you':498, ' can':646, ' always':2677, ' ask':2548, ' a':264, ' teacher':11079, ' or':476, ' a':264 ]
[1790522571] n_remain: 12
[1790522571] eval: [ ' a':264 ]
[1790522571] n_past = 628
[1790522571] last: [ ' you':498, ' to':311, ' enter':3725, ' your':697, ' password':3552, ',':11, ' which':892, ' is':374, ' usually':5990, ' a':264, ' combination':10601, ' of':315, ' your':697, ' username':5934, ' and':323, ' a':264, ' number':1372, '.':624, '5':20, '.':13, ' Enter':11252, ' your':697, ' password':3552, '.':624, '6':21, '.':13, ' Click':9189, ' "':330, 'Unlock':49679, '"':1, ' to':311, ' unlock':15055, ' the':279, ' computer':6366, '.':382, 'Remember':28590, ',':11, ' always':2677, ' be':387, ' careful':16585, ' when':979, ' using':1667, ' a':264, ' computer':6366, ' and':323, ' keep':2506, ' your':697, ' passwords':33716, ' safe':6092, '.':13, ' If':1416, ' you':498, ' are':525, ' unsure':42903, ',':11, ' you':498, ' can':646, ' always':2677, ' ask':2548, ' a':264, ' teacher':11079, ' or':476, ' a':264, ' trusted':21789 ]
[1790522571] n_remain: 11
[1790522571] eval: [ ' trusted':21789 ]
[1790522571] n_past = 629
[1790522571] last: [ ' to':311, ' enter':3725, ' your':697, ' password':3552, ',':11, ' which':892, ' is':374, ' usually':5990, ' a':264, ' combination':10601, ' of':315, ' your':697, ' username':5934, ' and':323, ' a':264, ' number':1372, '.':624, '5':20, '.':13, ' Enter':11252, ' your':697, ' password':3552, '.':624, '6':21, '.':13, ' Click':9189, ' "':330, 'Unlock':49679, '"':1, ' to':311, ' unlock':15055, ' the':279, ' computer':6366, '.':382, 'Remember':28590, ',':11, ' always':2677, ' be':387, ' careful':16585, ' when':979, ' using':1667, ' a':264, ' computer':6366, ' and':323, ' keep':2506, ' your':697, ' passwords':33716, ' safe':6092, '.':13, ' If':1416, ' you':498, ' are':525, ' unsure':42903, ',':11, ' you':498, ' can':646, ' always':2677, ' ask':2548, ' a':264, ' teacher':11079, ' or':476, ' a':264, ' trusted':21789, ' adult':6683 ]
[1790522571] n_remain: 10
[1790522571] eval: [ ' adult':6683 ]
[1790522571] n_past = 630
[1790522571] last: [ ' enter':3725, ' your':697, ' password':3552, ',':11, ' which':892, ' is':374, ' usually':5990, ' a':264, ' combination':10601, ' of':315, ' your':697, ' username':5934, ' and':323, ' a':264, ' number':1372, '.':624, '5':20, '.':13, ' Enter':11252, ' your':697, ' password':3552, '.':624, '6':21, '.':13, ' Click':9189, ' "':330, 'Unlock':49679, '"':1, ' to':311, ' unlock':15055, ' the':279, ' computer':6366, '.':382, 'Remember':28590, ',':11, ' always':2677, ' be':387, ' careful':16585, ' when':979, ' using':1667, ' a':264, ' computer':6366, ' and':323, ' keep':2506, ' your':697, ' passwords':33716, ' safe':6092, '.':13, ' If':1416, ' you':498, ' are':525, ' unsure':42903, ',':11, ' you':498, ' can':646, ' always':2677, ' ask':2548, ' a':264, ' teacher':11079, ' or':476, ' a':264, ' trusted':21789, ' adult':6683, ' for':369 ]
[1790522571] n_remain: 9
[1790522571] eval: [ ' for':369 ]
[1790522571] n_past = 631
[1790522571] last: [ ' your':697, ' password':3552, ',':11, ' which':892, ' is':374, ' usually':5990, ' a':264, ' combination':10601, ' of':315, ' your':697, ' username':5934, ' and':323, ' a':264, ' number':1372, '.':624, '5':20, '.':13, ' Enter':11252, ' your':697, ' password':3552, '.':624, '6':21, '.':13, ' Click':9189, ' "':330, 'Unlock':49679, '"':1, ' to':311, ' unlock':15055, ' the':279, ' computer':6366, '.':382, 'Remember':28590, ',':11, ' always':2677, ' be':387, ' careful':16585, ' when':979, ' using':1667, ' a':264, ' computer':6366, ' and':323, ' keep':2506, ' your':697, ' passwords':33716, ' safe':6092, '.':13, ' If':1416, ' you':498, ' are':525, ' unsure':42903, ',':11, ' you':498, ' can':646, ' always':2677, ' ask':2548, ' a':264, ' teacher':11079, ' or':476, ' a':264, ' trusted':21789, ' adult':6683, ' for':369, ' help':1492 ]
[1790522571] n_remain: 8
[1790522571] eval: [ ' help':1492 ]
[1790522571] n_past = 632
[1790522571] last: [ ' password':3552, ',':11, ' which':892, ' is':374, ' usually':5990, ' a':264, ' combination':10601, ' of':315, ' your':697, ' username':5934, ' and':323, ' a':264, ' number':1372, '.':624, '5':20, '.':13, ' Enter':11252, ' your':697, ' password':3552, '.':624, '6':21, '.':13, ' Click':9189, ' "':330, 'Unlock':49679, '"':1, ' to':311, ' unlock':15055, ' the':279, ' computer':6366, '.':382, 'Remember':28590, ',':11, ' always':2677, ' be':387, ' careful':16585, ' when':979, ' using':1667, ' a':264, ' computer':6366, ' and':323, ' keep':2506, ' your':697, ' passwords':33716, ' safe':6092, '.':13, ' If':1416, ' you':498, ' are':525, ' unsure':42903, ',':11, ' you':498, ' can':646, ' always':2677, ' ask':2548, ' a':264, ' teacher':11079, ' or':476, ' a':264, ' trusted':21789, ' adult':6683, ' for':369, ' help':1492, '.':13 ]
[1790522571] n_remain: 7
[1790522571] eval: [ '.':13 ]
[1790522571] n_past = 633
[1790522571] last: [ ',':11, ' which':892, ' is':374, ' usually':5990, ' a':264, ' combination':10601, ' of':315, ' your':697, ' username':5934, ' and':323, ' a':264, ' number':1372, '.':624, '5':20, '.':13, ' Enter':11252, ' your':697, ' password':3552, '.':624, '6':21, '.':13, ' Click':9189, ' "':330, 'Unlock':49679, '"':1, ' to':311, ' unlock':15055, ' the':279, ' computer':6366, '.':382, 'Remember':28590, ',':11, ' always':2677, ' be':387, ' careful':16585, ' when':979, ' using':1667, ' a':264, ' computer':6366, ' and':323, ' keep':2506, ' your':697, ' passwords':33716, ' safe':6092, '.':13, ' If':1416, ' you':498, ' are':525, ' unsure':42903, ',':11, ' you':498, ' can':646, ' always':2677, ' ask':2548, ' a':264, ' teacher':11079, ' or':476, ' a':264, ' trusted':21789, ' adult':6683, ' for':369, ' help':1492, '.':13, '<|im_end|>':151645 ]
[1790522571] n_remain: 6
[1790522571] found an EOG token
[1790522571]  [end of text]
[1790522571] 
[1790522571] llama_print_timings:        load time =    8125.55 ms
[1790522571] llama_print_timings:      sample time =      22.46 ms /   122 runs   (    0.18 ms per token,  5430.67 tokens per second)
[1790522571] llama_print_timings: prompt eval time =    7772.05 ms /   512 tokens (   15.18 ms per token,    65.88 tokens per second)
[1790522571] llama_print_timings:        eval time =    6777.67 ms /   121 runs   (   56.01 ms per token,    17.85 tokens per second)
[1790522571] llama_print_timings:       total time =   14717.19 ms /   633 tokens
[1790522571] Log end
